Date,,Custis Bon Air II,Custis Bon Air Ped IN,Custis Bon Air Ped OUT,Custis Bon Air Bike IN,Custis Bon Air Bike OUT
08/12/2010,0:00,,,,,
08/12/2010,0:15,,,,,
08/12/2010,0:30,,,,,
08/12/2010,0:45,,,,,
08/12/2010,1:00,,,,,
08/12/2010,1:15,,,,,
08/12/2010,1:30,,,,,
08/12/2010,1:45,,,,,
08/12/2010,2:00,,,,,
08/12/2010,2:15,,,,,
08/12/2010,2:30,,,,,
08/12/2010,2:45,,,,,
08/12/2010,3:00,,,,,
08/12/2010,3:15,,,,,
08/12/2010,3:30,,,,,
08/12/2010,3:45,,,,,
08/12/2010,4:00,,,,,
08/12/2010,4:15,,,,,
08/12/2010,4:30,,,,,
08/12/2010,4:45,,,,,
08/12/2010,5:00,,,,,
08/12/2010,5:15,,,,,
08/12/2010,5:30,,,,,
08/12/2010,5:45,,,,,
08/12/2010,6:00,,,,,
08/12/2010,6:15,,,,,
08/12/2010,6:30,,,,,
08/12/2010,6:45,,,,,
08/12/2010,7:00,,,,,
08/12/2010,7:15,,,,,
08/12/2010,7:30,,,,,
08/12/2010,7:45,,,,,
08/12/2010,8:00,,,,,
08/12/2010,8:15,,,,,
08/12/2010,8:30,,,,,
08/12/2010,8:45,,,,,
08/12/2010,9:00,,,,,
08/12/2010,9:15,,,,,
08/12/2010,9:30,,,,,
08/12/2010,9:45,,,,,
08/12/2010,10:00,,,,,
08/12/2010,10:15,,,,,
08/12/2010,10:30,,,,,
08/12/2010,10:45,,,,,
08/12/2010,11:00,,,,,
08/12/2010,11:15,,,,,
08/12/2010,11:30,,,,,
08/12/2010,11:45,,,,,
08/12/2010,12:00,,,,,
08/12/2010,12:15,,,,,
08/12/2010,12:30,,,,,
08/12/2010,12:45,,,,,
08/12/2010,13:00,,,,,
08/12/2010,13:15,,,,,
08/12/2010,13:30,,,,,
08/12/2010,13:45,,,,,
08/12/2010,14:00,,,,,
08/12/2010,14:15,,,,,
08/12/2010,14:30,0,0,0,0,0
08/12/2010,14:45,0,0,0,0,0
08/12/2010,15:00,1,1,0,0,0
08/12/2010,15:15,2,0,0,0,2
08/12/2010,15:30,1,0,0,1,0
08/12/2010,15:45,1,0,0,1,0
08/12/2010,16:00,6,0,0,0,6
08/12/2010,16:15,4,0,0,0,4
08/12/2010,16:30,4,0,0,0,4
08/12/2010,16:45,9,0,1,2,6
08/12/2010,17:00,7,1,0,0,6
08/12/2010,17:15,12,2,1,1,8
08/12/2010,17:30,11,0,0,0,11
08/12/2010,17:45,11,0,0,5,6
08/12/2010,18:00,10,0,0,1,9
08/12/2010,18:15,10,1,0,2,7
08/12/2010,18:30,2,0,0,1,1
08/12/2010,18:45,8,1,1,0,6
08/12/2010,19:00,6,1,2,1,2
08/12/2010,19:15,5,0,0,0,5
08/12/2010,19:30,1,1,0,0,0
08/12/2010,19:45,3,0,0,1,2
08/12/2010,20:00,5,0,1,0,4
08/12/2010,20:15,1,0,0,0,1
08/12/2010,20:30,3,0,2,0,1
08/12/2010,20:45,1,1,0,0,0
08/12/2010,21:00,4,1,1,0,2
08/12/2010,21:15,2,1,0,0,1
08/12/2010,21:30,1,0,0,0,1
08/12/2010,21:45,0,0,0,0,0
08/12/2010,22:00,4,2,1,0,1
08/12/2010,22:15,1,0,1,0,0
08/12/2010,22:30,3,0,3,0,0
08/12/2010,22:45,5,2,3,0,0
08/12/2010,23:00,1,0,1,0,0
08/12/2010,23:15,0,0,0,0,0
08/12/2010,23:30,2,1,1,0,0
08/12/2010,23:45,0,0,0,0,0
09/12/2010,0:00,3,2,0,0,1
09/12/2010,0:15,0,0,0,0,0
09/12/2010,0:30,1,1,0,0,0
09/12/2010,0:45,0,0,0,0,0
09/12/2010,1:00,1,1,0,0,0
09/12/2010,1:15,0,0,0,0,0
09/12/2010,1:30,0,0,0,0,0
09/12/2010,1:45,0,0,0,0,0
09/12/2010,2:00,0,0,0,0,0
09/12/2010,2:15,0,0,0,0,0
09/12/2010,2:30,0,0,0,0,0
09/12/2010,2:45,0,0,0,0,0
09/12/2010,3:00,1,0,1,0,0
09/12/2010,3:15,0,0,0,0,0
09/12/2010,3:30,0,0,0,0,0
09/12/2010,3:45,0,0,0,0,0
09/12/2010,4:00,0,0,0,0,0
09/12/2010,4:15,0,0,0,0,0
09/12/2010,4:30,0,0,0,0,0
09/12/2010,4:45,0,0,0,0,0
09/12/2010,5:00,1,0,0,1,0
09/12/2010,5:15,2,0,0,1,1
09/12/2010,5:30,2,0,0,2,0
09/12/2010,5:45,2,0,0,2,0
09/12/2010,6:00,1,0,0,1,0
09/12/2010,6:15,2,0,0,1,1
09/12/2010,6:30,7,0,0,6,1
09/12/2010,6:45,5,0,0,5,0
09/12/2010,7:00,6,0,0,5,1
09/12/2010,7:15,12,0,0,11,1
09/12/2010,7:30,6,0,0,5,1
09/12/2010,7:45,11,0,0,8,3
09/12/2010,8:00,11,0,0,8,3
09/12/2010,8:15,6,0,0,3,3
09/12/2010,8:30,9,0,0,9,0
09/12/2010,8:45,12,0,0,12,0
09/12/2010,9:00,4,0,0,3,1
09/12/2010,9:15,3,0,0,3,0
09/12/2010,9:30,6,0,0,6,0
09/12/2010,9:45,3,0,0,2,1
09/12/2010,10:00,3,0,0,3,0
09/12/2010,10:15,3,0,0,3,0
09/12/2010,10:30,2,0,0,2,0
09/12/2010,10:45,0,0,0,0,0
09/12/2010,11:00,2,0,0,2,0
09/12/2010,11:15,3,0,0,2,1
09/12/2010,11:30,1,0,0,1,0
09/12/2010,11:45,2,0,0,0,2
09/12/2010,12:00,4,0,0,2,2
09/12/2010,12:15,2,0,0,0,2
09/12/2010,12:30,2,0,0,2,0
09/12/2010,12:45,3,0,0,2,1
09/12/2010,13:00,0,0,0,0,0
09/12/2010,13:15,1,0,0,1,0
09/12/2010,13:30,1,0,0,1,0
09/12/2010,13:45,2,1,0,1,0
09/12/2010,14:00,2,0,0,2,0
09/12/2010,14:15,5,1,0,0,4
09/12/2010,14:30,2,1,0,1,0
09/12/2010,14:45,1,0,0,0,1
09/12/2010,15:00,1,1,0,0,0
09/12/2010,15:15,3,3,0,0,0
09/12/2010,15:30,5,2,0,1,2
09/12/2010,15:45,1,1,0,0,0
09/12/2010,16:00,7,1,2,0,4
09/12/2010,16:15,12,4,0,6,2
09/12/2010,16:30,5,3,0,0,2
09/12/2010,16:45,9,5,0,0,4
09/12/2010,17:00,11,3,1,1,6
09/12/2010,17:15,9,0,1,2,6
09/12/2010,17:30,12,0,0,1,11
09/12/2010,17:45,10,1,0,4,5
09/12/2010,18:00,8,2,0,0,6
09/12/2010,18:15,17,0,0,4,13
09/12/2010,18:30,6,0,0,1,5
09/12/2010,18:45,9,0,0,2,7
09/12/2010,19:00,8,0,0,2,6
09/12/2010,19:15,5,0,0,0,5
09/12/2010,19:30,2,0,0,0,2
09/12/2010,19:45,4,0,0,0,4
09/12/2010,20:00,3,0,0,0,3
09/12/2010,20:15,1,0,0,0,1
09/12/2010,20:30,3,0,0,0,3
09/12/2010,20:45,2,0,0,1,1
09/12/2010,21:00,51,0,1,49,1
09/12/2010,21:15,,0,0,,2
09/12/2010,21:30,3,1,0,0,2
09/12/2010,21:45,,0,0,,0
09/12/2010,22:00,,0,0,,0
09/12/2010,22:15,51,0,0,51,0
09/12/2010,22:30,,0,0,,0
09/12/2010,22:45,1,0,0,1,0
09/12/2010,23:00,,0,0,,0
09/12/2010,23:15,,0,0,,1
09/12/2010,23:30,,2,0,,0
09/12/2010,23:45,53,0,1,52,0
10/12/2010,0:00,4,0,1,2,1
10/12/2010,0:15,,0,0,,0
10/12/2010,0:30,,0,2,,0
10/12/2010,0:45,,0,1,,0
10/12/2010,1:00,,0,2,,0
10/12/2010,1:15,4,0,1,2,1
10/12/2010,1:30,,1,2,,0
10/12/2010,1:45,,1,1,,0
10/12/2010,2:00,,1,1,,0
10/12/2010,2:15,,1,0,,0
10/12/2010,2:30,6,0,3,3,0
10/12/2010,2:45,,0,2,,0
10/12/2010,3:00,,0,0,,0
10/12/2010,3:15,,0,1,,0
10/12/2010,3:30,,0,0,,0
10/12/2010,3:45,6,0,2,4,0
10/12/2010,4:00,,0,0,,0
10/12/2010,4:15,,0,0,,0
10/12/2010,4:30,,0,0,,0
10/12/2010,4:45,53,0,1,52,0
10/12/2010,5:00,5,0,0,5,0
10/12/2010,5:15,,0,0,,0
10/12/2010,5:30,,0,0,,0
10/12/2010,5:45,,0,0,,0
10/12/2010,6:00,,0,0,,0
10/12/2010,6:15,5,0,0,5,0
10/12/2010,6:30,,0,0,,2
10/12/2010,6:45,,0,0,,4
10/12/2010,7:00,,0,0,,2
10/12/2010,7:15,,0,0,,1
10/12/2010,7:30,9,0,0,6,3
10/12/2010,7:45,,0,0,,3
10/12/2010,8:00,,0,0,,3
10/12/2010,8:15,,0,0,,0
10/12/2010,8:30,,0,0,,1
10/12/2010,8:45,9,0,0,7,2
10/12/2010,9:00,,0,0,,2
10/12/2010,9:15,,0,0,,0
10/12/2010,9:30,,0,0,,0
10/12/2010,9:45,52,0,0,52,0
10/12/2010,10:00,10,0,0,8,2
10/12/2010,10:15,,0,0,,0
10/12/2010,10:30,,0,0,,0
10/12/2010,10:45,,0,0,,0
10/12/2010,11:00,,0,0,,1
10/12/2010,11:15,8,0,0,8,0
10/12/2010,11:30,,0,0,,0
10/12/2010,11:45,,0,0,,0
10/12/2010,12:00,,0,0,,2
10/12/2010,12:15,,0,0,,0
10/12/2010,12:30,12,0,0,9,3
10/12/2010,12:45,,0,0,,3
10/12/2010,13:00,,0,0,,1
10/12/2010,13:15,,0,0,,1
10/12/2010,13:30,2,0,0,2,0
10/12/2010,13:45,0,0,0,0,0
10/12/2010,14:00,3,1,0,0,2
10/12/2010,14:15,1,1,0,0,0
10/12/2010,14:30,4,3,0,1,0
10/12/2010,14:45,3,1,0,0,2
10/12/2010,15:00,4,2,0,0,2
10/12/2010,15:15,7,3,0,2,2
10/12/2010,15:30,8,1,1,1,5
10/12/2010,15:45,6,1,0,1,4
10/12/2010,16:00,5,3,0,0,2
10/12/2010,16:15,8,2,0,1,5
10/12/2010,16:30,11,1,0,1,9
10/12/2010,16:45,8,3,0,1,4
10/12/2010,17:00,10,4,0,2,4
10/12/2010,17:15,10,0,1,2,7
10/12/2010,17:30,16,1,0,2,13
10/12/2010,17:45,10,0,0,2,8
10/12/2010,18:00,12,0,0,4,8
10/12/2010,18:15,11,2,0,1,8
10/12/2010,18:30,11,0,0,0,11
10/12/2010,18:45,8,0,0,0,8
10/12/2010,19:00,5,0,0,0,5
10/12/2010,19:15,3,1,0,0,2
10/12/2010,19:30,3,1,0,0,2
10/12/2010,19:45,1,1,0,0,0
10/12/2010,20:00,2,0,0,0,2
10/12/2010,20:15,2,0,0,0,2
10/12/2010,20:30,0,0,0,0,0
10/12/2010,20:45,2,1,1,0,0
10/12/2010,21:00,3,0,0,2,1
10/12/2010,21:15,3,1,2,0,0
10/12/2010,21:30,1,0,0,0,1
10/12/2010,21:45,0,0,0,0,0
10/12/2010,22:00,0,0,0,0,0
10/12/2010,22:15,1,1,0,0,0
10/12/2010,22:30,0,0,0,0,0
10/12/2010,22:45,1,0,0,1,0
10/12/2010,23:00,1,0,1,0,0
10/12/2010,23:15,2,0,2,0,0
10/12/2010,23:30,1,1,0,0,0
10/12/2010,23:45,0,0,0,0,0
11/12/2010,0:00,1,0,1,0,0
11/12/2010,0:15,2,0,2,0,0
11/12/2010,0:30,2,1,1,0,0
11/12/2010,0:45,2,1,1,0,0
11/12/2010,1:00,4,0,3,0,1
11/12/2010,1:15,3,1,2,0,0
11/12/2010,1:30,2,1,1,0,0
11/12/2010,1:45,2,0,2,0,0
11/12/2010,2:00,1,1,0,0,0
11/12/2010,2:15,1,0,1,0,0
11/12/2010,2:30,2,0,2,0,0
11/12/2010,2:45,0,0,0,0,0
11/12/2010,3:00,2,0,1,0,1
11/12/2010,3:15,2,2,0,0,0
11/12/2010,3:30,1,0,1,0,0
11/12/2010,3:45,1,0,1,0,0
11/12/2010,4:00,0,0,0,0,0
11/12/2010,4:15,0,0,0,0,0
11/12/2010,4:30,0,0,0,0,0
11/12/2010,4:45,0,0,0,0,0
11/12/2010,5:00,0,0,0,0,0
11/12/2010,5:15,0,0,0,0,0
11/12/2010,5:30,1,0,1,0,0
11/12/2010,5:45,0,0,0,0,0
11/12/2010,6:00,0,0,0,0,0
11/12/2010,6:15,0,0,0,0,0
11/12/2010,6:30,0,0,0,0,0
11/12/2010,6:45,0,0,0,0,0
11/12/2010,7:00,1,0,0,0,1
11/12/2010,7:15,0,0,0,0,0
11/12/2010,7:30,1,0,0,1,0
11/12/2010,7:45,0,0,0,0,0
11/12/2010,8:00,3,0,0,2,1
11/12/2010,8:15,2,0,0,2,0
11/12/2010,8:30,0,0,0,0,0
11/12/2010,8:45,2,0,0,1,1
11/12/2010,9:00,6,0,0,2,4
11/12/2010,9:15,3,0,0,2,1
11/12/2010,9:30,2,0,0,2,0
11/12/2010,9:45,4,0,0,4,0
11/12/2010,10:00,3,0,0,2,1
11/12/2010,10:15,3,0,0,2,1
11/12/2010,10:30,7,0,0,4,3
11/12/2010,10:45,8,0,0,6,2
11/12/2010,11:00,8,0,0,4,4
11/12/2010,11:15,3,0,0,3,0
11/12/2010,11:30,8,0,0,6,2
11/12/2010,11:45,3,0,0,2,1
11/12/2010,12:00,16,0,0,12,4
11/12/2010,12:15,9,0,0,4,5
11/12/2010,12:30,11,0,0,5,6
11/12/2010,12:45,8,0,0,6,2
11/12/2010,13:00,6,0,0,1,5
11/12/2010,13:15,9,0,0,7,2
11/12/2010,13:30,15,0,0,10,5
11/12/2010,13:45,15,0,0,6,9
11/12/2010,14:00,14,0,0,5,9
11/12/2010,14:15,11,1,0,5,5
11/12/2010,14:30,13,0,0,8,5
11/12/2010,14:45,17,1,0,11,5
11/12/2010,15:00,11,2,1,3,5
11/12/2010,15:15,11,2,1,5,3
11/12/2010,15:30,13,3,2,5,3
11/12/2010,15:45,10,0,1,5,4
11/12/2010,16:00,9,1,0,3,5
11/12/2010,16:15,9,2,0,2,5
11/12/2010,16:30,11,3,2,5,1
11/12/2010,16:45,6,2,0,1,3
11/12/2010,17:00,6,1,0,4,1
11/12/2010,17:15,4,3,0,1,0
11/12/2010,17:30,4,0,0,2,2
11/12/2010,17:45,5,2,0,0,3
11/12/2010,18:00,3,2,1,0,0
11/12/2010,18:15,1,1,0,0,0
11/12/2010,18:30,0,0,0,0,0
11/12/2010,18:45,0,0,0,0,0
11/12/2010,19:00,0,0,0,0,0
11/12/2010,19:15,1,0,0,1,0
11/12/2010,19:30,0,0,0,0,0
11/12/2010,19:45,0,0,0,0,0
11/12/2010,20:00,1,0,1,0,0
11/12/2010,20:15,2,1,1,0,0
11/12/2010,20:30,1,1,0,0,0
11/12/2010,20:45,2,0,1,0,1
11/12/2010,21:00,0,0,0,0,0
11/12/2010,21:15,2,0,0,2,0
11/12/2010,21:30,2,2,0,0,0
11/12/2010,21:45,3,2,1,0,0
11/12/2010,22:00,0,0,0,0,0
11/12/2010,22:15,5,2,3,0,0
11/12/2010,22:30,1,1,0,0,0
11/12/2010,22:45,2,1,1,0,0
11/12/2010,23:00,0,0,0,0,0
11/12/2010,23:15,3,2,1,0,0
11/12/2010,23:30,2,0,2,0,0
11/12/2010,23:45,3,0,3,0,0
12/12/2010,0:00,4,2,1,0,1
12/12/2010,0:15,7,1,6,0,0
12/12/2010,0:30,5,2,3,0,0
12/12/2010,0:45,7,0,7,0,0
12/12/2010,1:00,2,0,2,0,0
12/12/2010,1:15,4,1,2,0,1
12/12/2010,1:30,2,1,1,0,0
12/12/2010,1:45,5,1,4,0,0
12/12/2010,2:00,0,0,0,0,0
12/12/2010,2:15,4,1,3,0,0
12/12/2010,2:30,1,0,1,0,0
12/12/2010,2:45,2,0,2,0,0
12/12/2010,3:00,1,1,0,0,0
12/12/2010,3:15,1,0,1,0,0
12/12/2010,3:30,2,2,0,0,0
12/12/2010,3:45,3,1,2,0,0
12/12/2010,4:00,1,0,0,0,1
12/12/2010,4:15,0,0,0,0,0
12/12/2010,4:30,0,0,0,0,0
12/12/2010,4:45,0,0,0,0,0
12/12/2010,5:00,0,0,0,0,0
12/12/2010,5:15,1,1,0,0,0
12/12/2010,5:30,0,0,0,0,0
12/12/2010,5:45,0,0,0,0,0
12/12/2010,6:00,0,0,0,0,0
12/12/2010,6:15,0,0,0,0,0
12/12/2010,6:30,0,0,0,0,0
12/12/2010,6:45,0,0,0,0,0
12/12/2010,7:00,0,0,0,0,0
12/12/2010,7:15,0,0,0,0,0
12/12/2010,7:30,0,0,0,0,0
12/12/2010,7:45,0,0,0,0,0
12/12/2010,8:00,1,0,0,1,0
12/12/2010,8:15,2,0,0,2,0
12/12/2010,8:30,0,0,0,0,0
12/12/2010,8:45,0,0,0,0,0
12/12/2010,9:00,0,0,0,0,0
12/12/2010,9:15,0,0,0,0,0
12/12/2010,9:30,1,0,0,1,0
12/12/2010,9:45,1,0,0,1,0
12/12/2010,10:00,1,0,0,1,0
12/12/2010,10:15,1,0,0,1,0
12/12/2010,10:30,0,0,0,0,0
12/12/2010,10:45,1,0,0,0,1
12/12/2010,11:00,1,0,0,1,0
12/12/2010,11:15,2,0,0,0,2
12/12/2010,11:30,2,0,0,0,2
12/12/2010,11:45,1,0,0,1,0
12/12/2010,12:00,4,0,0,1,3
12/12/2010,12:15,3,0,0,2,1
12/12/2010,12:30,4,0,0,1,3
12/12/2010,12:45,0,0,0,0,0
12/12/2010,13:00,0,0,0,0,0
12/12/2010,13:15,0,0,0,0,0
12/12/2010,13:30,0,0,0,0,0
12/12/2010,13:45,0,0,0,0,0
12/12/2010,14:00,2,2,0,0,0
12/12/2010,14:15,0,0,0,0,0
12/12/2010,14:30,3,1,1,0,1
12/12/2010,14:45,2,1,0,1,0
12/12/2010,15:00,2,1,0,0,1
12/12/2010,15:15,4,3,1,0,0
12/12/2010,15:30,0,0,0,0,0
12/12/2010,15:45,1,0,1,0,0
12/12/2010,16:00,5,3,1,1,0
12/12/2010,16:15,4,2,2,0,0
12/12/2010,16:30,2,2,0,0,0
12/12/2010,16:45,3,3,0,0,0
12/12/2010,17:00,1,1,0,0,0
12/12/2010,17:15,0,0,0,0,0
12/12/2010,17:30,0,0,0,0,0
12/12/2010,17:45,0,0,0,0,0
12/12/2010,18:00,2,1,1,0,0
12/12/2010,18:15,0,0,0,0,0
12/12/2010,18:30,0,0,0,0,0
12/12/2010,18:45,1,0,1,0,0
12/12/2010,19:00,0,0,0,0,0
12/12/2010,19:15,2,0,1,0,1
12/12/2010,19:30,0,0,0,0,0
12/12/2010,19:45,0,0,0,0,0
12/12/2010,20:00,0,0,0,0,0
12/12/2010,20:15,1,0,1,0,0
12/12/2010,20:30,0,0,0,0,0
12/12/2010,20:45,0,0,0,0,0
12/12/2010,21:00,0,0,0,0,0
12/12/2010,21:15,0,0,0,0,0
12/12/2010,21:30,0,0,0,0,0
12/12/2010,21:45,4,1,3,0,0
12/12/2010,22:00,0,0,0,0,0
12/12/2010,22:15,3,1,2,0,0
12/12/2010,22:30,2,2,0,0,0
12/12/2010,22:45,0,0,0,0,0
12/12/2010,23:00,0,0,0,0,0
12/12/2010,23:15,5,2,3,0,0
12/12/2010,23:30,3,1,2,0,0
12/12/2010,23:45,5,1,4,0,0
13/12/2010,0:00,1,0,1,0,0
13/12/2010,0:15,2,0,2,0,0
13/12/2010,0:30,4,1,3,0,0
13/12/2010,0:45,2,0,2,0,0
13/12/2010,1:00,4,2,2,0,0
13/12/2010,1:15,1,0,1,0,0
13/12/2010,1:30,0,0,0,0,0
13/12/2010,1:45,1,0,1,0,0
13/12/2010,2:00,0,0,0,0,0
13/12/2010,2:15,0,0,0,0,0
13/12/2010,2:30,0,0,0,0,0
13/12/2010,2:45,1,0,1,0,0
13/12/2010,3:00,2,2,0,0,0
13/12/2010,3:15,0,0,0,0,0
13/12/2010,3:30,0,0,0,0,0
13/12/2010,3:45,0,0,0,0,0
13/12/2010,4:00,0,0,0,0,0
13/12/2010,4:15,0,0,0,0,0
13/12/2010,4:30,0,0,0,0,0
13/12/2010,4:45,0,0,0,0,0
13/12/2010,5:00,0,0,0,0,0
13/12/2010,5:15,0,0,0,0,0
13/12/2010,5:30,2,0,1,1,0
13/12/2010,5:45,1,1,0,0,0
13/12/2010,6:00,0,0,0,0,0
13/12/2010,6:15,1,0,0,1,0
13/12/2010,6:30,4,0,0,3,1
13/12/2010,6:45,9,0,0,8,1
13/12/2010,7:00,0,0,0,0,0
13/12/2010,7:15,6,0,0,5,1
13/12/2010,7:30,5,0,0,4,1
13/12/2010,7:45,10,0,0,4,6
13/12/2010,8:00,7,0,0,5,2
13/12/2010,8:15,8,0,0,7,1
13/12/2010,8:30,8,0,0,6,2
13/12/2010,8:45,8,0,0,6,2
13/12/2010,9:00,5,0,0,5,0
13/12/2010,9:15,3,0,0,3,0
13/12/2010,9:30,7,0,0,6,1
13/12/2010,9:45,2,0,0,2,0
13/12/2010,10:00,2,0,0,2,0
13/12/2010,10:15,1,0,0,1,0
13/12/2010,10:30,2,0,0,1,1
13/12/2010,10:45,0,0,0,0,0
13/12/2010,11:00,1,0,0,1,0
13/12/2010,11:15,1,0,0,1,0
13/12/2010,11:30,4,0,0,3,1
13/12/2010,11:45,0,0,0,0,0
13/12/2010,12:00,0,0,0,0,0
13/12/2010,12:15,1,0,0,1,0
13/12/2010,12:30,0,0,0,0,0
13/12/2010,12:45,1,0,0,0,1
13/12/2010,13:00,2,0,0,0,2
13/12/2010,13:15,0,0,0,0,0
13/12/2010,13:30,2,0,0,2,0
13/12/2010,13:45,1,0,0,1,0
13/12/2010,14:00,0,0,0,0,0
13/12/2010,14:15,2,0,0,0,2
13/12/2010,14:30,3,0,0,2,1
13/12/2010,14:45,1,0,0,0,1
13/12/2010,15:00,0,0,0,0,0
13/12/2010,15:15,2,1,0,0,1
13/12/2010,15:30,7,1,4,0,2
13/12/2010,15:45,2,0,0,1,1
13/12/2010,16:00,2,0,0,0,2
13/12/2010,16:15,3,0,1,0,2
13/12/2010,16:30,6,2,0,1,3
13/12/2010,16:45,6,0,0,1,5
13/12/2010,17:00,6,0,0,1,5
13/12/2010,17:15,3,0,1,0,2
13/12/2010,17:30,5,0,0,0,5
13/12/2010,17:45,10,1,2,0,7
13/12/2010,18:00,9,0,0,2,7
13/12/2010,18:15,8,1,0,4,3
13/12/2010,18:30,10,2,1,4,3
13/12/2010,18:45,9,0,0,1,8
13/12/2010,19:00,2,1,0,1,0
13/12/2010,19:15,2,0,0,1,1
13/12/2010,19:30,4,1,2,0,1
13/12/2010,19:45,4,1,1,0,2
13/12/2010,20:00,3,0,1,0,2
13/12/2010,20:15,2,2,0,0,0
13/12/2010,20:30,5,0,4,0,1
13/12/2010,20:45,1,0,1,0,0
13/12/2010,21:00,4,1,1,0,2
13/12/2010,21:15,2,2,0,0,0
13/12/2010,21:30,3,0,2,0,1
13/12/2010,21:45,5,1,3,0,1
13/12/2010,22:00,3,1,2,0,0
13/12/2010,22:15,4,3,1,0,0
13/12/2010,22:30,2,0,2,0,0
13/12/2010,22:45,1,1,0,0,0
13/12/2010,23:00,3,2,0,0,1
13/12/2010,23:15,5,1,2,0,2
13/12/2010,23:30,2,0,2,0,0
13/12/2010,23:45,3,1,2,0,0
14/12/2010,0:00,3,1,2,0,0
14/12/2010,0:15,5,2,2,0,1
14/12/2010,0:30,3,2,1,0,0
14/12/2010,0:45,2,1,1,0,0
14/12/2010,1:00,0,0,0,0,0
14/12/2010,1:15,3,0,3,0,0
14/12/2010,1:30,0,0,0,0,0
14/12/2010,1:45,0,0,0,0,0
14/12/2010,2:00,0,0,0,0,0
14/12/2010,2:15,1,1,0,0,0
14/12/2010,2:30,0,0,0,0,0
14/12/2010,2:45,0,0,0,0,0
14/12/2010,3:00,0,0,0,0,0
14/12/2010,3:15,0,0,0,0,0
14/12/2010,3:30,0,0,0,0,0
14/12/2010,3:45,0,0,0,0,0
14/12/2010,4:00,0,0,0,0,0
14/12/2010,4:15,0,0,0,0,0
14/12/2010,4:30,0,0,0,0,0
14/12/2010,4:45,0,0,0,0,0
14/12/2010,5:00,0,0,0,0,0
14/12/2010,5:15,1,0,0,1,0
14/12/2010,5:30,0,0,0,0,0
14/12/2010,5:45,1,0,0,1,0
14/12/2010,6:00,0,0,0,0,0
14/12/2010,6:15,1,0,0,1,0
14/12/2010,6:30,2,0,0,2,0
14/12/2010,6:45,1,0,0,1,0
14/12/2010,7:00,2,0,0,2,0
14/12/2010,7:15,4,0,0,4,0
14/12/2010,7:30,6,0,0,5,1
14/12/2010,7:45,7,0,0,4,3
14/12/2010,8:00,8,0,0,7,1
14/12/2010,8:15,6,0,0,5,1
14/12/2010,8:30,9,0,0,7,2
14/12/2010,8:45,8,0,0,7,1
14/12/2010,9:00,6,0,0,6,0
14/12/2010,9:15,6,0,0,3,3
14/12/2010,9:30,9,0,0,7,2
14/12/2010,9:45,1,0,0,1,0
14/12/2010,10:00,3,0,0,2,1
14/12/2010,10:15,3,0,0,2,1
14/12/2010,10:30,2,0,0,2,0
14/12/2010,10:45,0,0,0,0,0
14/12/2010,11:00,0,0,0,0,0
14/12/2010,11:15,0,0,0,0,0
14/12/2010,11:30,2,0,0,1,1
14/12/2010,11:45,0,0,0,0,0
14/12/2010,12:00,0,0,0,0,0
14/12/2010,12:15,2,0,0,2,0
14/12/2010,12:30,0,0,0,0,0
14/12/2010,12:45,0,0,0,0,0
14/12/2010,13:00,2,0,0,2,0
14/12/2010,13:15,0,0,0,0,0
14/12/2010,13:30,1,0,0,0,1
14/12/2010,13:45,1,0,0,1,0
14/12/2010,14:00,0,0,0,0,0
14/12/2010,14:15,1,0,0,1,0
14/12/2010,14:30,0,0,0,0,0
14/12/2010,14:45,0,0,0,0,0
14/12/2010,15:00,1,0,0,1,0
14/12/2010,15:15,0,0,0,0,0
14/12/2010,15:30,0,0,0,0,0
14/12/2010,15:45,1,0,0,0,1
14/12/2010,16:00,2,0,0,1,1
14/12/2010,16:15,3,0,0,3,0
14/12/2010,16:30,2,1,0,0,1
14/12/2010,16:45,5,0,0,2,3
14/12/2010,17:00,3,0,0,0,3
14/12/2010,17:15,2,0,0,0,2
14/12/2010,17:30,5,0,0,0,5
14/12/2010,17:45,6,0,0,2,4
14/12/2010,18:00,7,0,2,1,4
14/12/2010,18:15,8,2,1,2,3
14/12/2010,18:30,7,0,0,2,5
14/12/2010,18:45,6,0,0,2,4
14/12/2010,19:00,5,0,0,0,5
14/12/2010,19:15,6,0,0,1,5
14/12/2010,19:30,7,0,2,1,4
14/12/2010,19:45,2,0,0,0,2
14/12/2010,20:00,8,1,1,2,4
14/12/2010,20:15,4,0,1,0,3
14/12/2010,20:30,1,1,0,0,0
14/12/2010,20:45,4,4,0,0,0
14/12/2010,21:00,1,0,0,0,1
14/12/2010,21:15,1,0,1,0,0
14/12/2010,21:30,1,1,0,0,0
14/12/2010,21:45,2,0,1,0,1
14/12/2010,22:00,5,1,2,0,2
14/12/2010,22:15,4,3,0,0,1
14/12/2010,22:30,1,0,1,0,0
14/12/2010,22:45,6,4,1,0,1
14/12/2010,23:00,1,1,0,0,0
14/12/2010,23:15,3,0,1,0,2
14/12/2010,23:30,2,2,0,0,0
14/12/2010,23:45,1,0,1,0,0
15/12/2010,0:00,0,0,0,0,0
15/12/2010,0:15,2,0,2,0,0
15/12/2010,0:30,2,1,1,0,0
15/12/2010,0:45,1,1,0,0,0
15/12/2010,1:00,1,1,0,0,0
15/12/2010,1:15,2,0,2,0,0
15/12/2010,1:30,1,0,1,0,0
15/12/2010,1:45,0,0,0,0,0
15/12/2010,2:00,1,0,1,0,0
15/12/2010,2:15,0,0,0,0,0
15/12/2010,2:30,0,0,0,0,0
15/12/2010,2:45,0,0,0,0,0
15/12/2010,3:00,0,0,0,0,0
15/12/2010,3:15,0,0,0,0,0
15/12/2010,3:30,0,0,0,0,0
15/12/2010,3:45,0,0,0,0,0
15/12/2010,4:00,0,0,0,0,0
15/12/2010,4:15,0,0,0,0,0
15/12/2010,4:30,0,0,0,0,0
15/12/2010,4:45,0,0,0,0,0
15/12/2010,5:00,0,0,0,0,0
15/12/2010,5:15,0,0,0,0,0
15/12/2010,5:30,1,0,0,1,0
15/12/2010,5:45,3,0,0,2,1
15/12/2010,6:00,1,0,0,1,0
15/12/2010,6:15,2,0,0,2,0
15/12/2010,6:30,7,0,0,6,1
15/12/2010,6:45,2,0,0,2,0
15/12/2010,7:00,6,0,0,6,0
15/12/2010,7:15,4,0,0,4,0
15/12/2010,7:30,7,0,0,5,2
15/12/2010,7:45,6,0,0,4,2
15/12/2010,8:00,4,0,0,1,3
15/12/2010,8:15,6,0,0,6,0
15/12/2010,8:30,7,0,0,6,1
15/12/2010,8:45,8,0,0,8,0
15/12/2010,9:00,3,0,0,3,0
15/12/2010,9:15,1,0,0,1,0
15/12/2010,9:30,2,0,0,2,0
15/12/2010,9:45,1,0,0,0,1
15/12/2010,10:00,0,0,0,0,0
15/12/2010,10:15,1,0,0,1,0
15/12/2010,10:30,2,0,0,2,0
15/12/2010,10:45,1,0,0,1,0
15/12/2010,11:00,0,0,0,0,0
15/12/2010,11:15,0,0,0,0,0
15/12/2010,11:30,1,0,0,1,0
15/12/2010,11:45,1,0,0,1,0
15/12/2010,12:00,2,1,0,1,0
15/12/2010,12:15,3,0,0,2,1
15/12/2010,12:30,0,0,0,0,0
15/12/2010,12:45,0,0,0,0,0
15/12/2010,13:00,2,0,0,0,2
15/12/2010,13:15,0,0,0,0,0
15/12/2010,13:30,2,0,0,1,1
15/12/2010,13:45,1,0,0,1,0
15/12/2010,14:00,0,0,0,0,0
15/12/2010,14:15,2,0,0,1,1
15/12/2010,14:30,0,0,0,0,0
15/12/2010,14:45,3,0,0,2,1
15/12/2010,15:00,1,0,0,1,0
15/12/2010,15:15,1,0,0,1,0
15/12/2010,15:30,1,0,0,0,1
15/12/2010,15:45,2,1,1,0,0
15/12/2010,16:00,5,1,0,0,4
15/12/2010,16:15,2,0,1,0,1
15/12/2010,16:30,7,0,2,1,4
15/12/2010,16:45,9,1,1,3,4
15/12/2010,17:00,12,3,1,2,6
15/12/2010,17:15,6,1,0,1,4
15/12/2010,17:30,7,0,0,2,5
15/12/2010,17:45,2,0,1,0,1
15/12/2010,18:00,10,0,0,1,9
15/12/2010,18:15,8,1,1,1,5
15/12/2010,18:30,9,2,0,0,7
15/12/2010,18:45,8,0,0,5,3
15/12/2010,19:00,8,1,0,2,5
15/12/2010,19:15,6,1,1,2,2
15/12/2010,19:30,4,0,1,1,2
15/12/2010,19:45,2,0,2,0,0
15/12/2010,20:00,5,1,0,0,4
15/12/2010,20:15,1,0,0,0,1
15/12/2010,20:30,1,0,0,1,0
15/12/2010,20:45,3,1,1,0,1
15/12/2010,21:00,0,0,0,0,0
15/12/2010,21:15,0,0,0,0,0
15/12/2010,21:30,3,1,2,0,0
15/12/2010,21:45,2,0,2,0,0
15/12/2010,22:00,5,1,3,0,1
15/12/2010,22:15,1,0,0,0,1
15/12/2010,22:30,1,0,0,0,1
15/12/2010,22:45,1,0,1,0,0
15/12/2010,23:00,1,1,0,0,0
15/12/2010,23:15,2,0,2,0,0
15/12/2010,23:30,1,1,0,0,0
15/12/2010,23:45,0,0,0,0,0
16/12/2010,0:00,1,0,0,0,1
16/12/2010,0:15,0,0,0,0,0
16/12/2010,0:30,1,0,1,0,0
16/12/2010,0:45,1,1,0,0,0
16/12/2010,1:00,1,0,0,0,1
16/12/2010,1:15,0,0,0,0,0
16/12/2010,1:30,0,0,0,0,0
16/12/2010,1:45,0,0,0,0,0
16/12/2010,2:00,0,0,0,0,0
16/12/2010,2:15,0,0,0,0,0
16/12/2010,2:30,0,0,0,0,0
16/12/2010,2:45,0,0,0,0,0
16/12/2010,3:00,0,0,0,0,0
16/12/2010,3:15,0,0,0,0,0
16/12/2010,3:30,0,0,0,0,0
16/12/2010,3:45,0,0,0,0,0
16/12/2010,4:00,0,0,0,0,0
16/12/2010,4:15,0,0,0,0,0
16/12/2010,4:30,0,0,0,0,0
16/12/2010,4:45,0,0,0,0,0
16/12/2010,5:00,0,0,0,0,0
16/12/2010,5:15,0,0,0,0,0
16/12/2010,5:30,0,0,0,0,0
16/12/2010,5:45,2,0,0,2,0
16/12/2010,6:00,3,0,0,3,0
16/12/2010,6:15,3,0,0,3,0
16/12/2010,6:30,9,0,0,8,1
16/12/2010,6:45,4,0,0,3,1
16/12/2010,7:00,2,0,0,1,1
16/12/2010,7:15,5,0,0,5,0
16/12/2010,7:30,3,0,0,3,0
16/12/2010,7:45,6,0,0,4,2
16/12/2010,8:00,5,0,0,5,0
16/12/2010,8:15,5,0,0,4,1
16/12/2010,8:30,8,0,0,8,0
16/12/2010,8:45,6,0,0,5,1
16/12/2010,9:00,1,0,0,1,0
16/12/2010,9:15,2,0,0,2,0
16/12/2010,9:30,0,0,0,0,0
16/12/2010,9:45,1,0,0,1,0
16/12/2010,10:00,2,0,0,1,1
16/12/2010,10:15,0,0,0,0,0
16/12/2010,10:30,1,0,0,0,1
16/12/2010,10:45,0,0,0,0,0
16/12/2010,11:00,0,0,0,0,0
16/12/2010,11:15,0,0,0,0,0
16/12/2010,11:30,0,0,0,0,0
16/12/2010,11:45,0,0,0,0,0
16/12/2010,12:00,0,0,0,0,0
16/12/2010,12:15,0,0,0,0,0
16/12/2010,12:30,0,0,0,0,0
16/12/2010,12:45,0,0,0,0,0
16/12/2010,13:00,0,0,0,0,0
16/12/2010,13:15,0,0,0,0,0
16/12/2010,13:30,1,0,0,0,1
16/12/2010,13:45,1,0,0,0,1
16/12/2010,14:00,4,0,0,0,4
16/12/2010,14:15,1,1,0,0,0
16/12/2010,14:30,0,0,0,0,0
16/12/2010,14:45,0,0,0,0,0
16/12/2010,15:00,1,0,0,0,1
16/12/2010,15:15,2,1,0,0,1
16/12/2010,15:30,3,0,0,0,3
16/12/2010,15:45,0,0,0,0,0
16/12/2010,16:00,1,1,0,0,0
16/12/2010,16:15,1,0,0,0,1
16/12/2010,16:30,3,2,0,1,0
16/12/2010,16:45,1,0,0,0,1
16/12/2010,17:00,2,1,0,1,0
16/12/2010,17:15,3,0,1,0,2
16/12/2010,17:30,0,0,0,0,0
16/12/2010,17:45,1,0,0,0,1
16/12/2010,18:00,1,1,0,0,0
16/12/2010,18:15,4,2,0,2,0
16/12/2010,18:30,1,0,0,0,1
16/12/2010,18:45,1,0,0,0,1
16/12/2010,19:00,1,0,0,0,1
16/12/2010,19:15,1,0,0,0,1
16/12/2010,19:30,0,0,0,0,0
16/12/2010,19:45,0,0,0,0,0
16/12/2010,20:00,0,0,0,0,0
16/12/2010,20:15,0,0,0,0,0
16/12/2010,20:30,0,0,0,0,0
16/12/2010,20:45,1,0,0,0,1
16/12/2010,21:00,0,0,0,0,0
16/12/2010,21:15,1,1,0,0,0
16/12/2010,21:30,1,0,1,0,0
16/12/2010,21:45,1,0,0,0,1
16/12/2010,22:00,0,0,0,0,0
16/12/2010,22:15,0,0,0,0,0
16/12/2010,22:30,0,0,0,0,0
16/12/2010,22:45,0,0,0,0,0
16/12/2010,23:00,0,0,0,0,0
16/12/2010,23:15,0,0,0,0,0
16/12/2010,23:30,2,1,1,0,0
16/12/2010,23:45,0,0,0,0,0
17/12/2010,0:00,0,0,0,0,0
17/12/2010,0:15,2,0,2,0,0
17/12/2010,0:30,0,0,0,0,0
17/12/2010,0:45,0,0,0,0,0
17/12/2010,1:00,3,1,2,0,0
17/12/2010,1:15,0,0,0,0,0
17/12/2010,1:30,1,0,1,0,0
17/12/2010,1:45,1,0,1,0,0
17/12/2010,2:00,1,0,1,0,0
17/12/2010,2:15,0,0,0,0,0
17/12/2010,2:30,0,0,0,0,0
17/12/2010,2:45,0,0,0,0,0
17/12/2010,3:00,1,1,0,0,0
17/12/2010,3:15,0,0,0,0,0
17/12/2010,3:30,1,0,1,0,0
17/12/2010,3:45,0,0,0,0,0
17/12/2010,4:00,1,0,1,0,0
17/12/2010,4:15,0,0,0,0,0
17/12/2010,4:30,0,0,0,0,0
17/12/2010,4:45,0,0,0,0,0
17/12/2010,5:00,0,0,0,0,0
17/12/2010,5:15,0,0,0,0,0
17/12/2010,5:30,0,0,0,0,0
17/12/2010,5:45,0,0,0,0,0
17/12/2010,6:00,0,0,0,0,0
17/12/2010,6:15,0,0,0,0,0
17/12/2010,6:30,0,0,0,0,0
17/12/2010,6:45,0,0,0,0,0
17/12/2010,7:00,1,0,0,1,0
17/12/2010,7:15,0,0,0,0,0
17/12/2010,7:30,0,0,0,0,0
17/12/2010,7:45,2,0,0,2,0
17/12/2010,8:00,1,0,0,0,1
17/12/2010,8:15,2,0,0,2,0
17/12/2010,8:30,1,0,0,1,0
17/12/2010,8:45,1,0,0,1,0
17/12/2010,9:00,0,0,0,0,0
17/12/2010,9:15,0,0,0,0,0
17/12/2010,9:30,1,0,0,0,1
17/12/2010,9:45,0,0,0,0,0
17/12/2010,10:00,1,0,0,1,0
17/12/2010,10:15,0,0,0,0,0
17/12/2010,10:30,0,0,0,0,0
17/12/2010,10:45,1,0,0,1,0
17/12/2010,11:00,0,0,0,0,0
17/12/2010,11:15,0,0,0,0,0
17/12/2010,11:30,1,0,0,1,0
17/12/2010,11:45,0,0,0,0,0
17/12/2010,12:00,0,0,0,0,0
17/12/2010,12:15,0,0,0,0,0
17/12/2010,12:30,0,0,0,0,0
17/12/2010,12:45,1,0,0,0,1
17/12/2010,13:00,0,0,0,0,0
17/12/2010,13:15,1,1,0,0,0
17/12/2010,13:30,2,0,0,0,2
17/12/2010,13:45,2,0,0,2,0
17/12/2010,14:00,0,0,0,0,0
17/12/2010,14:15,3,1,0,0,2
17/12/2010,14:30,0,0,0,0,0
17/12/2010,14:45,3,1,0,1,1
17/12/2010,15:00,4,2,1,0,1
17/12/2010,15:15,5,4,1,0,0
17/12/2010,15:30,0,0,0,0,0
17/12/2010,15:45,3,3,0,0,0
17/12/2010,16:00,2,0,2,0,0
17/12/2010,16:15,6,4,1,0,1
17/12/2010,16:30,1,1,0,0,0
17/12/2010,16:45,5,4,0,1,0
17/12/2010,17:00,2,1,0,0,1
17/12/2010,17:15,0,0,0,0,0
17/12/2010,17:30,1,0,0,1,0
17/12/2010,17:45,1,0,1,0,0
17/12/2010,18:00,3,1,2,0,0
17/12/2010,18:15,4,2,1,1,0
17/12/2010,18:30,2,2,0,0,0
17/12/2010,18:45,0,0,0,0,0
17/12/2010,19:00,1,0,0,0,1
17/12/2010,19:15,3,1,1,0,1
17/12/2010,19:30,3,2,1,0,0
17/12/2010,19:45,0,0,0,0,0
17/12/2010,20:00,0,0,0,0,0
17/12/2010,20:15,1,0,1,0,0
17/12/2010,20:30,0,0,0,0,0
17/12/2010,20:45,2,1,1,0,0
17/12/2010,21:00,0,0,0,0,0
17/12/2010,21:15,2,1,1,0,0
17/12/2010,21:30,1,0,1,0,0
17/12/2010,21:45,1,0,1,0,0
17/12/2010,22:00,3,3,0,0,0
17/12/2010,22:15,1,1,0,0,0
17/12/2010,22:30,2,2,0,0,0
17/12/2010,22:45,1,1,0,0,0
17/12/2010,23:00,4,3,1,0,0
17/12/2010,23:15,4,4,0,0,0
17/12/2010,23:30,3,1,2,0,0
17/12/2010,23:45,0,0,0,0,0
18/12/2010,0:00,4,2,2,0,0
18/12/2010,0:15,2,0,2,0,0
18/12/2010,0:30,3,2,1,0,0
18/12/2010,0:45,3,0,3,0,0
18/12/2010,1:00,2,1,1,0,0
18/12/2010,1:15,2,0,2,0,0
18/12/2010,1:30,5,1,4,0,0
18/12/2010,1:45,1,0,1,0,0
18/12/2010,2:00,5,0,5,0,0
18/12/2010,2:15,3,3,0,0,0
18/12/2010,2:30,3,0,3,0,0
18/12/2010,2:45,0,0,0,0,0
18/12/2010,3:00,0,0,0,0,0
18/12/2010,3:15,1,0,1,0,0
18/12/2010,3:30,0,0,0,0,0
18/12/2010,3:45,0,0,0,0,0
18/12/2010,4:00,0,0,0,0,0
18/12/2010,4:15,2,1,1,0,0
18/12/2010,4:30,0,0,0,0,0
18/12/2010,4:45,0,0,0,0,0
18/12/2010,5:00,0,0,0,0,0
18/12/2010,5:15,1,0,1,0,0
18/12/2010,5:30,0,0,0,0,0
18/12/2010,5:45,0,0,0,0,0
18/12/2010,6:00,0,0,0,0,0
18/12/2010,6:15,0,0,0,0,0
18/12/2010,6:30,0,0,0,0,0
18/12/2010,6:45,0,0,0,0,0
18/12/2010,7:00,1,0,1,0,0
18/12/2010,7:15,0,0,0,0,0
18/12/2010,7:30,0,0,0,0,0
18/12/2010,7:45,0,0,0,0,0
18/12/2010,8:00,1,0,1,0,0
18/12/2010,8:15,0,0,0,0,0
18/12/2010,8:30,0,0,0,0,0
18/12/2010,8:45,0,0,0,0,0
18/12/2010,9:00,0,0,0,0,0
18/12/2010,9:15,1,0,0,0,1
18/12/2010,9:30,1,0,0,1,0
18/12/2010,9:45,1,0,0,1,0
18/12/2010,10:00,1,0,0,0,1
18/12/2010,10:15,0,0,0,0,0
18/12/2010,10:30,0,0,0,0,0
18/12/2010,10:45,1,0,0,1,0
18/12/2010,11:00,0,0,0,0,0
18/12/2010,11:15,4,0,0,2,2
18/12/2010,11:30,0,0,0,0,0
18/12/2010,11:45,0,0,0,0,0
18/12/2010,12:00,1,0,0,1,0
18/12/2010,12:15,0,0,0,0,0
18/12/2010,12:30,1,0,0,0,1
18/12/2010,12:45,0,0,0,0,0
18/12/2010,13:00,2,0,0,2,0
18/12/2010,13:15,1,1,0,0,0
18/12/2010,13:30,1,1,0,0,0
18/12/2010,13:45,0,0,0,0,0
18/12/2010,14:00,3,2,0,0,1
18/12/2010,14:15,1,0,0,1,0
18/12/2010,14:30,4,4,0,0,0
18/12/2010,14:45,8,4,0,2,2
18/12/2010,15:00,6,5,0,0,1
18/12/2010,15:15,4,1,0,1,2
18/12/2010,15:30,3,2,0,0,1
18/12/2010,15:45,8,5,1,1,1
18/12/2010,16:00,5,3,2,0,0
18/12/2010,16:15,7,2,1,1,3
18/12/2010,16:30,3,2,1,0,0
18/12/2010,16:45,4,4,0,0,0
18/12/2010,17:00,6,4,2,0,0
18/12/2010,17:15,1,1,0,0,0
18/12/2010,17:30,1,0,1,0,0
18/12/2010,17:45,3,2,1,0,0
18/12/2010,18:00,1,0,1,0,0
18/12/2010,18:15,3,3,0,0,0
18/12/2010,18:30,3,3,0,0,0
18/12/2010,18:45,4,3,0,0,1
18/12/2010,19:00,2,0,2,0,0
18/12/2010,19:15,2,0,2,0,0
18/12/2010,19:30,0,0,0,0,0
18/12/2010,19:45,4,2,2,0,0
18/12/2010,20:00,11,5,6,0,0
18/12/2010,20:15,1,0,1,0,0
18/12/2010,20:30,1,1,0,0,0
18/12/2010,20:45,5,4,1,0,0
18/12/2010,21:00,7,0,7,0,0
18/12/2010,21:15,2,0,2,0,0
18/12/2010,21:30,3,2,1,0,0
18/12/2010,21:45,6,5,1,0,0
18/12/2010,22:00,5,4,1,0,0
18/12/2010,22:15,4,4,0,0,0
18/12/2010,22:30,6,1,5,0,0
18/12/2010,22:45,3,2,1,0,0
18/12/2010,23:00,3,1,2,0,0
18/12/2010,23:15,9,5,4,0,0
18/12/2010,23:30,6,2,4,0,0
18/12/2010,23:45,10,7,3,0,0
19/12/2010,0:00,6,5,1,0,0
19/12/2010,0:15,9,1,8,0,0
19/12/2010,0:30,5,0,5,0,0
19/12/2010,0:45,7,1,6,0,0
19/12/2010,1:00,7,1,6,0,0
19/12/2010,1:15,3,0,3,0,0
19/12/2010,1:30,7,1,6,0,0
19/12/2010,1:45,5,1,4,0,0
19/12/2010,2:00,4,0,4,0,0
19/12/2010,2:15,1,1,0,0,0
19/12/2010,2:30,4,0,4,0,0
19/12/2010,2:45,2,0,2,0,0
19/12/2010,3:00,3,0,3,0,0
19/12/2010,3:15,2,0,2,0,0
19/12/2010,3:30,0,0,0,0,0
19/12/2010,3:45,2,0,2,0,0
19/12/2010,4:00,0,0,0,0,0
19/12/2010,4:15,2,0,2,0,0
19/12/2010,4:30,0,0,0,0,0
19/12/2010,4:45,0,0,0,0,0
19/12/2010,5:00,0,0,0,0,0
19/12/2010,5:15,0,0,0,0,0
19/12/2010,5:30,0,0,0,0,0
19/12/2010,5:45,0,0,0,0,0
19/12/2010,6:00,0,0,0,0,0
19/12/2010,6:15,0,0,0,0,0
19/12/2010,6:30,0,0,0,0,0
19/12/2010,6:45,0,0,0,0,0
19/12/2010,7:00,1,0,0,1,0
19/12/2010,7:15,0,0,0,0,0
19/12/2010,7:30,0,0,0,0,0
19/12/2010,7:45,0,0,0,0,0
19/12/2010,8:00,0,0,0,0,0
19/12/2010,8:15,0,0,0,0,0
19/12/2010,8:30,0,0,0,0,0
19/12/2010,8:45,1,0,0,0,1
19/12/2010,9:00,1,0,0,1,0
19/12/2010,9:15,3,0,0,2,1
19/12/2010,9:30,0,0,0,0,0
19/12/2010,9:45,0,0,0,0,0
19/12/2010,10:00,0,0,0,0,0
19/12/2010,10:15,1,0,0,1,0
19/12/2010,10:30,0,0,0,0,0
19/12/2010,10:45,2,0,0,1,1
19/12/2010,11:00,3,0,0,1,2
19/12/2010,11:15,0,0,0,0,0
19/12/2010,11:30,1,0,0,1,0
19/12/2010,11:45,0,0,0,0,0
19/12/2010,12:00,1,0,0,0,1
19/12/2010,12:15,0,0,0,0,0
19/12/2010,12:30,2,0,0,0,2
19/12/2010,12:45,1,0,0,1,0
19/12/2010,13:00,2,0,0,1,1
19/12/2010,13:15,1,0,0,1,0
19/12/2010,13:30,0,0,0,0,0
19/12/2010,13:45,1,1,0,0,0
19/12/2010,14:00,4,0,1,2,1
19/12/2010,14:15,3,2,0,0,1
19/12/2010,14:30,6,2,1,0,3
19/12/2010,14:45,9,4,0,2,3
19/12/2010,15:00,3,2,0,0,1
19/12/2010,15:15,2,1,1,0,0
19/12/2010,15:30,4,1,1,1,1
19/12/2010,15:45,6,6,0,0,0
19/12/2010,16:00,10,5,3,2,0
19/12/2010,16:15,5,5,0,0,0
19/12/2010,16:30,4,3,0,1,0
19/12/2010,16:45,6,4,2,0,0
19/12/2010,17:00,4,3,0,1,0
19/12/2010,17:15,0,0,0,0,0
19/12/2010,17:30,2,2,0,0,0
19/12/2010,17:45,1,1,0,0,0
19/12/2010,18:00,1,1,0,0,0
19/12/2010,18:15,5,5,0,0,0
19/12/2010,18:30,3,2,1,0,0
19/12/2010,18:45,2,1,1,0,0
19/12/2010,19:00,2,0,1,0,1
19/12/2010,19:15,3,3,0,0,0
19/12/2010,19:30,2,1,1,0,0
19/12/2010,19:45,1,0,1,0,0
19/12/2010,20:00,3,2,1,0,0
19/12/2010,20:15,4,0,4,0,0
19/12/2010,20:30,5,3,2,0,0
19/12/2010,20:45,4,3,1,0,0
19/12/2010,21:00,8,5,3,0,0
19/12/2010,21:15,4,3,1,0,0
19/12/2010,21:30,5,1,4,0,0
19/12/2010,21:45,5,4,1,0,0
19/12/2010,22:00,8,7,1,0,0
19/12/2010,22:15,3,3,0,0,0
19/12/2010,22:30,5,3,2,0,0
19/12/2010,22:45,4,1,3,0,0
19/12/2010,23:00,8,6,2,0,0
19/12/2010,23:15,9,3,6,0,0
19/12/2010,23:30,9,7,2,0,0
19/12/2010,23:45,11,4,7,0,0
20/12/2010,0:00,13,5,8,0,0
20/12/2010,0:15,12,2,10,0,0
20/12/2010,0:30,11,5,6,0,0
20/12/2010,0:45,5,3,2,0,0
20/12/2010,1:00,12,3,9,0,0
20/12/2010,1:15,7,1,6,0,0
20/12/2010,1:30,5,0,5,0,0
20/12/2010,1:45,5,1,4,0,0
20/12/2010,2:00,1,0,1,0,0
20/12/2010,2:15,1,1,0,0,0
20/12/2010,2:30,2,1,1,0,0
20/12/2010,2:45,1,0,1,0,0
20/12/2010,3:00,0,0,0,0,0
20/12/2010,3:15,1,0,1,0,0
20/12/2010,3:30,0,0,0,0,0
20/12/2010,3:45,0,0,0,0,0
20/12/2010,4:00,0,0,0,0,0
20/12/2010,4:15,0,0,0,0,0
20/12/2010,4:30,1,1,0,0,0
20/12/2010,4:45,0,0,0,0,0
20/12/2010,5:00,1,0,1,0,0
20/12/2010,5:15,0,0,0,0,0
20/12/2010,5:30,1,0,1,0,0
20/12/2010,5:45,1,0,0,1,0
20/12/2010,6:00,1,1,0,0,0
20/12/2010,6:15,1,0,0,1,0
20/12/2010,6:30,1,0,0,1,0
20/12/2010,6:45,0,0,0,0,0
20/12/2010,7:00,1,0,0,1,0
20/12/2010,7:15,3,0,0,3,0
20/12/2010,7:30,2,0,0,2,0
20/12/2010,7:45,1,0,0,1,0
20/12/2010,8:00,4,0,1,1,2
20/12/2010,8:15,4,0,0,4,0
20/12/2010,8:30,3,0,0,3,0
20/12/2010,8:45,5,0,0,5,0
20/12/2010,9:00,4,0,0,3,1
20/12/2010,9:15,2,0,1,0,1
20/12/2010,9:30,0,0,0,0,0
20/12/2010,9:45,2,1,0,1,0
20/12/2010,10:00,2,0,0,2,0
20/12/2010,10:15,0,0,0,0,0
20/12/2010,10:30,0,0,0,0,0
20/12/2010,10:45,0,0,0,0,0
20/12/2010,11:00,0,0,0,0,0
20/12/2010,11:15,0,0,0,0,0
20/12/2010,11:30,0,0,0,0,0
20/12/2010,11:45,0,0,0,0,0
20/12/2010,12:00,0,0,0,0,0
20/12/2010,12:15,1,0,1,0,0
20/12/2010,12:30,0,0,0,0,0
20/12/2010,12:45,0,0,0,0,0
20/12/2010,13:00,1,0,0,0,1
20/12/2010,13:15,0,0,0,0,0
20/12/2010,13:30,1,0,0,1,0
20/12/2010,13:45,0,0,0,0,0
20/12/2010,14:00,0,0,0,0,0
20/12/2010,14:15,0,0,0,0,0
20/12/2010,14:30,0,0,0,0,0
20/12/2010,14:45,6,1,5,0,0
20/12/2010,15:00,1,0,1,0,0
20/12/2010,15:15,1,1,0,0,0
20/12/2010,15:30,2,0,0,2,0
20/12/2010,15:45,1,0,0,0,1
20/12/2010,16:00,3,2,0,0,1
20/12/2010,16:15,7,4,3,0,0
20/12/2010,16:30,5,2,1,0,2
20/12/2010,16:45,2,0,1,0,1
20/12/2010,17:00,4,1,1,0,2
20/12/2010,17:15,4,0,3,0,1
20/12/2010,17:30,6,1,2,1,2
20/12/2010,17:45,7,1,4,1,1
20/12/2010,18:00,7,2,3,1,1
20/12/2010,18:15,5,2,2,1,0
20/12/2010,18:30,14,6,5,0,3
20/12/2010,18:45,8,2,4,0,2
20/12/2010,19:00,12,8,4,0,0
20/12/2010,19:15,4,2,1,0,1
20/12/2010,19:30,10,6,4,0,0
20/12/2010,19:45,9,2,5,0,2
20/12/2010,20:00,8,4,4,0,0
20/12/2010,20:15,10,8,2,0,0
20/12/2010,20:30,8,4,4,0,0
20/12/2010,20:45,13,7,5,0,1
20/12/2010,21:00,17,11,6,0,0
20/12/2010,21:15,9,3,6,0,0
20/12/2010,21:30,10,5,5,0,0
20/12/2010,21:45,21,14,7,0,0
20/12/2010,22:00,15,7,8,0,0
20/12/2010,22:15,19,18,1,0,0
20/12/2010,22:30,15,9,6,0,0
20/12/2010,22:45,16,9,7,0,0
20/12/2010,23:00,9,7,2,0,0
20/12/2010,23:15,16,10,6,0,0
20/12/2010,23:30,16,6,10,0,0
20/12/2010,23:45,9,3,6,0,0
21/12/2010,0:00,16,14,2,0,0
21/12/2010,0:15,10,7,3,0,0
21/12/2010,0:30,5,3,2,0,0
21/12/2010,0:45,12,1,11,0,0
21/12/2010,1:00,6,2,4,0,0
21/12/2010,1:15,4,2,2,0,0
21/12/2010,1:30,0,0,0,0,0
21/12/2010,1:45,2,1,1,0,0
21/12/2010,2:00,0,0,0,0,0
21/12/2010,2:15,0,0,0,0,0
21/12/2010,2:30,0,0,0,0,0
21/12/2010,2:45,0,0,0,0,0
21/12/2010,3:00,1,0,1,0,0
21/12/2010,3:15,1,0,1,0,0
21/12/2010,3:30,1,1,0,0,0
21/12/2010,3:45,0,0,0,0,0
21/12/2010,4:00,0,0,0,0,0
21/12/2010,4:15,1,0,1,0,0
21/12/2010,4:30,0,0,0,0,0
21/12/2010,4:45,2,2,0,0,0
21/12/2010,5:00,1,1,0,0,0
21/12/2010,5:15,0,0,0,0,0
21/12/2010,5:30,0,0,0,0,0
21/12/2010,5:45,0,0,0,0,0
21/12/2010,6:00,1,0,0,1,0
21/12/2010,6:15,1,0,0,1,0
21/12/2010,6:30,3,0,0,3,0
21/12/2010,6:45,1,0,0,1,0
21/12/2010,7:00,2,0,0,2,0
21/12/2010,7:15,3,0,0,3,0
21/12/2010,7:30,2,0,0,1,1
21/12/2010,7:45,1,0,0,1,0
21/12/2010,8:00,3,0,0,3,0
21/12/2010,8:15,2,0,0,2,0
21/12/2010,8:30,2,1,0,1,0
21/12/2010,8:45,3,0,0,3,0
21/12/2010,9:00,4,0,0,4,0
21/12/2010,9:15,1,0,0,0,1
21/12/2010,9:30,1,0,0,1,0
21/12/2010,9:45,0,0,0,0,0
21/12/2010,10:00,0,0,0,0,0
21/12/2010,10:15,2,0,0,2,0
21/12/2010,10:30,0,0,0,0,0
21/12/2010,10:45,0,0,0,0,0
21/12/2010,11:00,0,0,0,0,0
21/12/2010,11:15,1,0,0,1,0
21/12/2010,11:30,1,0,0,1,0
21/12/2010,11:45,1,0,0,1,0
21/12/2010,12:00,0,0,0,0,0
21/12/2010,12:15,0,0,0,0,0
21/12/2010,12:30,0,0,0,0,0
21/12/2010,12:45,2,0,0,1,1
21/12/2010,13:00,0,0,0,0,0
21/12/2010,13:15,3,0,0,1,2
21/12/2010,13:30,0,0,0,0,0
21/12/2010,13:45,0,0,0,0,0
21/12/2010,14:00,0,0,0,0,0
21/12/2010,14:15,1,0,0,1,0
21/12/2010,14:30,0,0,0,0,0
21/12/2010,14:45,0,0,0,0,0
21/12/2010,15:00,1,0,0,0,1
21/12/2010,15:15,2,0,0,0,2
21/12/2010,15:30,1,0,0,1,0
21/12/2010,15:45,0,0,0,0,0
21/12/2010,16:00,1,0,0,0,1
21/12/2010,16:15,2,0,0,0,2
21/12/2010,16:30,4,1,1,1,1
21/12/2010,16:45,4,1,1,1,1
21/12/2010,17:00,7,4,0,0,3
21/12/2010,17:15,5,1,1,1,2
21/12/2010,17:30,4,1,1,1,1
21/12/2010,17:45,9,4,3,0,2
21/12/2010,18:00,5,2,2,1,0
21/12/2010,18:15,6,2,3,0,1
21/12/2010,18:30,6,1,3,0,2
21/12/2010,18:45,8,8,0,0,0
21/12/2010,19:00,10,5,4,0,1
21/12/2010,19:15,13,4,7,2,0
21/12/2010,19:30,11,6,4,0,1
21/12/2010,19:45,14,7,6,0,1
21/12/2010,20:00,13,6,7,0,0
21/12/2010,20:15,18,9,9,0,0
21/12/2010,20:30,17,8,9,0,0
21/12/2010,20:45,11,6,5,0,0
21/12/2010,21:00,10,4,6,0,0
21/12/2010,21:15,14,7,7,0,0
21/12/2010,21:30,16,7,8,0,1
21/12/2010,21:45,16,9,7,0,0
21/12/2010,22:00,14,3,11,0,0
21/12/2010,22:15,14,6,8,0,0
21/12/2010,22:30,17,16,1,0,0
21/12/2010,22:45,18,10,8,0,0
21/12/2010,23:00,14,5,9,0,0
21/12/2010,23:15,20,18,2,0,0
21/12/2010,23:30,18,11,7,0,0
21/12/2010,23:45,10,6,4,0,0
22/12/2010,0:00,10,6,4,0,0
22/12/2010,0:15,2,0,2,0,0
22/12/2010,0:30,4,0,4,0,0
22/12/2010,0:45,5,2,3,0,0
22/12/2010,1:00,1,0,1,0,0
22/12/2010,1:15,2,1,1,0,0
22/12/2010,1:30,0,0,0,0,0
22/12/2010,1:45,0,0,0,0,0
22/12/2010,2:00,0,0,0,0,0
22/12/2010,2:15,1,0,1,0,0
22/12/2010,2:30,0,0,0,0,0
22/12/2010,2:45,0,0,0,0,0
22/12/2010,3:00,0,0,0,0,0
22/12/2010,3:15,0,0,0,0,0
22/12/2010,3:30,0,0,0,0,0
22/12/2010,3:45,0,0,0,0,0
22/12/2010,4:00,0,0,0,0,0
22/12/2010,4:15,0,0,0,0,0
22/12/2010,4:30,0,0,0,0,0
22/12/2010,4:45,0,0,0,0,0
22/12/2010,5:00,0,0,0,0,0
22/12/2010,5:15,1,1,0,0,0
22/12/2010,5:30,0,0,0,0,0
22/12/2010,5:45,0,0,0,0,0
22/12/2010,6:00,0,0,0,0,0
22/12/2010,6:15,1,0,0,1,0
22/12/2010,6:30,0,0,0,0,0
22/12/2010,6:45,1,0,0,1,0
22/12/2010,7:00,3,0,0,2,1
22/12/2010,7:15,3,0,0,2,1
22/12/2010,7:30,5,0,0,3,2
22/12/2010,7:45,1,0,0,0,1
22/12/2010,8:00,1,0,0,1,0
22/12/2010,8:15,2,0,0,2,0
22/12/2010,8:30,5,0,0,3,2
22/12/2010,8:45,2,0,0,2,0
22/12/2010,9:00,1,0,0,1,0
22/12/2010,9:15,3,0,0,3,0
22/12/2010,9:30,0,0,0,0,0
22/12/2010,9:45,2,0,0,2,0
22/12/2010,10:00,3,0,0,2,1
22/12/2010,10:15,1,0,0,1,0
22/12/2010,10:30,0,0,0,0,0
22/12/2010,10:45,0,0,0,0,0
22/12/2010,11:00,0,0,0,0,0
22/12/2010,11:15,0,0,0,0,0
22/12/2010,11:30,0,0,0,0,0
22/12/2010,11:45,0,0,0,0,0
22/12/2010,12:00,1,0,0,0,1
22/12/2010,12:15,2,0,0,1,1
22/12/2010,12:30,1,0,0,1,0
22/12/2010,12:45,1,0,0,0,1
22/12/2010,13:00,0,0,0,0,0
22/12/2010,13:15,0,0,0,0,0
22/12/2010,13:30,2,0,0,2,0
22/12/2010,13:45,3,0,0,2,1
22/12/2010,14:00,0,0,0,0,0
22/12/2010,14:15,5,0,0,2,3
22/12/2010,14:30,1,0,0,1,0
22/12/2010,14:45,2,0,0,1,1
22/12/2010,15:00,0,0,0,0,0
22/12/2010,15:15,4,1,0,2,1
22/12/2010,15:30,2,0,0,0,2
22/12/2010,15:45,3,0,0,0,3
22/12/2010,16:00,4,1,0,2,1
22/12/2010,16:15,7,0,0,1,6
22/12/2010,16:30,11,5,1,2,3
22/12/2010,16:45,10,1,2,0,7
22/12/2010,17:00,4,0,2,0,2
22/12/2010,17:15,4,1,0,1,2
22/12/2010,17:30,4,2,0,1,1
22/12/2010,17:45,9,1,3,1,4
22/12/2010,18:00,2,1,1,0,0
22/12/2010,18:15,11,4,3,1,3
22/12/2010,18:30,5,1,3,0,1
22/12/2010,18:45,10,5,3,0,2
22/12/2010,19:00,4,2,1,1,0
22/12/2010,19:15,6,4,1,0,1
22/12/2010,19:30,6,2,2,2,0
22/12/2010,19:45,24,14,7,1,2
22/12/2010,20:00,5,4,1,0,0
22/12/2010,20:15,4,0,4,0,0
22/12/2010,20:30,4,0,4,0,0
22/12/2010,20:45,6,3,3,0,0
22/12/2010,21:00,1,0,1,0,0
22/12/2010,21:15,5,1,3,1,0
22/12/2010,21:30,7,5,2,0,0
22/12/2010,21:45,2,2,0,0,0
22/12/2010,22:00,1,1,0,0,0
22/12/2010,22:15,2,0,2,0,0
22/12/2010,22:30,3,2,1,0,0
22/12/2010,22:45,2,1,1,0,0
22/12/2010,23:00,1,0,1,0,0
22/12/2010,23:15,3,3,0,0,0
22/12/2010,23:30,4,2,2,0,0
22/12/2010,23:45,4,2,2,0,0
23/12/2010,0:00,7,3,4,0,0
23/12/2010,0:15,5,2,3,0,0
23/12/2010,0:30,2,1,1,0,0
23/12/2010,0:45,2,1,1,0,0
23/12/2010,1:00,1,1,0,0,0
23/12/2010,1:15,2,1,1,0,0
23/12/2010,1:30,0,0,0,0,0
23/12/2010,1:45,0,0,0,0,0
23/12/2010,2:00,0,0,0,0,0
23/12/2010,2:15,0,0,0,0,0
23/12/2010,2:30,1,0,1,0,0
23/12/2010,2:45,1,0,1,0,0
23/12/2010,3:00,0,0,0,0,0
23/12/2010,3:15,0,0,0,0,0
23/12/2010,3:30,0,0,0,0,0
23/12/2010,3:45,0,0,0,0,0
23/12/2010,4:00,0,0,0,0,0
23/12/2010,4:15,0,0,0,0,0
23/12/2010,4:30,0,0,0,0,0
23/12/2010,4:45,1,0,1,0,0
23/12/2010,5:00,0,0,0,0,0
23/12/2010,5:15,0,0,0,0,0
23/12/2010,5:30,0,0,0,0,0
23/12/2010,5:45,0,0,0,0,0
23/12/2010,6:00,2,0,0,2,0
23/12/2010,6:15,0,0,0,0,0
23/12/2010,6:30,2,0,0,1,1
23/12/2010,6:45,1,0,0,1,0
23/12/2010,7:00,1,0,0,1,0
23/12/2010,7:15,4,0,0,3,1
23/12/2010,7:30,0,0,0,0,0
23/12/2010,7:45,1,0,0,0,1
23/12/2010,8:00,4,0,0,3,1
23/12/2010,8:15,4,0,0,2,2
23/12/2010,8:30,2,0,0,2,0
23/12/2010,8:45,3,0,0,3,0
23/12/2010,9:00,1,0,0,1,0
23/12/2010,9:15,0,0,0,0,0
23/12/2010,9:30,0,0,0,0,0
23/12/2010,9:45,0,0,0,0,0
23/12/2010,10:00,2,0,0,1,1
23/12/2010,10:15,0,0,0,0,0
23/12/2010,10:30,0,0,0,0,0
23/12/2010,10:45,1,0,0,0,1
23/12/2010,11:00,0,0,0,0,0
23/12/2010,11:15,1,0,0,0,1
23/12/2010,11:30,0,0,0,0,0
23/12/2010,11:45,0,0,0,0,0
23/12/2010,12:00,0,0,0,0,0
23/12/2010,12:15,1,0,0,0,1
23/12/2010,12:30,0,0,0,0,0
23/12/2010,12:45,0,0,0,0,0
23/12/2010,13:00,0,0,0,0,0
23/12/2010,13:15,2,2,0,0,0
23/12/2010,13:30,3,3,0,0,0
23/12/2010,13:45,5,1,0,1,3
23/12/2010,14:00,3,3,0,0,0
23/12/2010,14:15,9,5,1,1,2
23/12/2010,14:30,10,7,1,2,0
23/12/2010,14:45,15,15,0,0,0
23/12/2010,15:00,3,2,1,0,0
23/12/2010,15:15,23,15,3,2,3
23/12/2010,15:30,24,18,3,1,2
23/12/2010,15:45,25,18,2,1,4
23/12/2010,16:00,11,8,2,0,1
23/12/2010,16:15,20,17,1,0,2
23/12/2010,16:30,24,18,2,1,3
23/12/2010,16:45,13,10,1,0,2
23/12/2010,17:00,11,5,2,2,2
23/12/2010,17:15,6,4,1,0,1
23/12/2010,17:30,5,1,4,0,0
23/12/2010,17:45,4,2,1,0,1
23/12/2010,18:00,4,3,1,0,0
23/12/2010,18:15,4,4,0,0,0
23/12/2010,18:30,2,2,0,0,0
23/12/2010,18:45,4,1,2,0,1
23/12/2010,19:00,2,0,0,2,0
23/12/2010,19:15,2,2,0,0,0
23/12/2010,19:30,4,1,3,0,0
23/12/2010,19:45,1,1,0,0,0
23/12/2010,20:00,2,0,2,0,0
23/12/2010,20:15,5,1,4,0,0
23/12/2010,20:30,3,0,3,0,0
23/12/2010,20:45,7,5,2,0,0
23/12/2010,21:00,4,1,3,0,0
23/12/2010,21:15,2,0,1,0,1
23/12/2010,21:30,4,0,3,1,0
23/12/2010,21:45,1,1,0,0,0
23/12/2010,22:00,2,1,1,0,0
23/12/2010,22:15,2,2,0,0,0
23/12/2010,22:30,2,0,2,0,0
23/12/2010,22:45,2,1,1,0,0
23/12/2010,23:00,3,3,0,0,0
23/12/2010,23:15,6,4,2,0,0
23/12/2010,23:30,4,3,1,0,0
23/12/2010,23:45,5,2,3,0,0
24/12/2010,0:00,8,1,7,0,0
24/12/2010,0:15,4,1,3,0,0
24/12/2010,0:30,9,1,8,0,0
24/12/2010,0:45,14,6,8,0,0
24/12/2010,1:00,16,1,15,0,0
24/12/2010,1:15,7,1,6,0,0
24/12/2010,1:30,10,1,9,0,0
24/12/2010,1:45,20,3,17,0,0
24/12/2010,2:00,34,7,27,0,0
24/12/2010,2:15,17,5,12,0,0
24/12/2010,2:30,9,1,8,0,0
24/12/2010,2:45,18,4,14,0,0
24/12/2010,3:00,10,1,9,0,0
24/12/2010,3:15,6,1,5,0,0
24/12/2010,3:30,3,0,3,0,0
24/12/2010,3:45,3,1,2,0,0
24/12/2010,4:00,3,2,1,0,0
24/12/2010,4:15,3,0,3,0,0
24/12/2010,4:30,0,0,0,0,0
24/12/2010,4:45,2,1,1,0,0
24/12/2010,5:00,1,0,1,0,0
24/12/2010,5:15,1,0,1,0,0
24/12/2010,5:30,1,0,1,0,0
24/12/2010,5:45,0,0,0,0,0
24/12/2010,6:00,0,0,0,0,0
24/12/2010,6:15,0,0,0,0,0
24/12/2010,6:30,0,0,0,0,0
24/12/2010,6:45,0,0,0,0,0
24/12/2010,7:00,1,0,0,1,0
24/12/2010,7:15,5,0,0,1,4
24/12/2010,7:30,0,0,0,0,0
24/12/2010,7:45,2,0,2,0,0
24/12/2010,8:00,1,0,0,0,1
24/12/2010,8:15,3,0,1,2,0
24/12/2010,8:30,0,0,0,0,0
24/12/2010,8:45,0,0,0,0,0
24/12/2010,9:00,1,0,0,0,1
24/12/2010,9:15,0,0,0,0,0
24/12/2010,9:30,3,0,0,1,2
24/12/2010,9:45,0,0,0,0,0
24/12/2010,10:00,1,0,0,1,0
24/12/2010,10:15,3,0,0,2,1
24/12/2010,10:30,0,0,0,0,0
24/12/2010,10:45,1,0,0,1,0
24/12/2010,11:00,0,0,0,0,0
24/12/2010,11:15,3,0,0,1,2
24/12/2010,11:30,2,0,0,1,1
24/12/2010,11:45,1,0,0,0,1
24/12/2010,12:00,2,0,0,2,0
24/12/2010,12:15,4,0,0,0,4
24/12/2010,12:30,1,0,0,0,1
24/12/2010,12:45,2,0,0,1,1
24/12/2010,13:00,2,0,0,2,0
24/12/2010,13:15,3,1,0,0,2
24/12/2010,13:30,5,0,1,1,3
24/12/2010,13:45,8,4,1,1,2
24/12/2010,14:00,9,5,0,3,1
24/12/2010,14:15,13,8,3,0,2
24/12/2010,14:30,11,9,1,1,0
24/12/2010,14:45,14,8,4,2,0
24/12/2010,15:00,11,7,1,1,2
24/12/2010,15:15,15,12,1,0,2
24/12/2010,15:30,20,10,7,1,2
24/12/2010,15:45,19,12,4,1,2
24/12/2010,16:00,23,15,4,2,2
24/12/2010,16:15,17,11,3,2,1
24/12/2010,16:30,18,14,2,1,1
24/12/2010,16:45,13,11,2,0,0
24/12/2010,17:00,14,8,3,0,3
24/12/2010,17:15,5,5,0,0,0
24/12/2010,17:30,3,2,1,0,0
24/12/2010,17:45,3,3,0,0,0
24/12/2010,18:00,2,1,0,1,0
24/12/2010,18:15,1,1,0,0,0
24/12/2010,18:30,0,0,0,0,0
24/12/2010,18:45,4,2,2,0,0
24/12/2010,19:00,2,2,0,0,0
24/12/2010,19:15,2,1,1,0,0
24/12/2010,19:30,5,1,4,0,0
24/12/2010,19:45,2,1,1,0,0
24/12/2010,20:00,2,1,1,0,0
24/12/2010,20:15,1,1,0,0,0
24/12/2010,20:30,2,0,2,0,0
24/12/2010,20:45,0,0,0,0,0
24/12/2010,21:00,1,0,1,0,0
24/12/2010,21:15,4,1,3,0,0
24/12/2010,21:30,4,1,3,0,0
24/12/2010,21:45,0,0,0,0,0
24/12/2010,22:00,0,0,0,0,0
24/12/2010,22:15,0,0,0,0,0
24/12/2010,22:30,0,0,0,0,0
24/12/2010,22:45,0,0,0,0,0
24/12/2010,23:00,0,0,0,0,0
24/12/2010,23:15,0,0,0,0,0
24/12/2010,23:30,0,0,0,0,0
24/12/2010,23:45,0,0,0,0,0
25/12/2010,0:00,0,0,0,0,0
25/12/2010,0:15,0,0,0,0,0
25/12/2010,0:30,0,0,0,0,0
25/12/2010,0:45,0,0,0,0,0
25/12/2010,1:00,0,0,0,0,0
25/12/2010,1:15,0,0,0,0,0
25/12/2010,1:30,0,0,0,0,0
25/12/2010,1:45,0,0,0,0,0
25/12/2010,2:00,0,0,0,0,0
25/12/2010,2:15,0,0,0,0,0
25/12/2010,2:30,0,0,0,0,0
25/12/2010,2:45,0,0,0,0,0
25/12/2010,3:00,0,0,0,0,0
25/12/2010,3:15,0,0,0,0,0
25/12/2010,3:30,0,0,0,0,0
25/12/2010,3:45,0,0,0,0,0
25/12/2010,4:00,0,0,0,0,0
25/12/2010,4:15,2,2,0,0,0
25/12/2010,4:30,0,0,0,0,0
25/12/2010,4:45,0,0,0,0,0
25/12/2010,5:00,0,0,0,0,0
25/12/2010,5:15,0,0,0,0,0
25/12/2010,5:30,0,0,0,0,0
25/12/2010,5:45,0,0,0,0,0
25/12/2010,6:00,1,1,0,0,0
25/12/2010,6:15,1,1,0,0,0
25/12/2010,6:30,0,0,0,0,0
25/12/2010,6:45,0,0,0,0,0
25/12/2010,7:00,0,0,0,0,0
25/12/2010,7:15,1,0,1,0,0
25/12/2010,7:30,0,0,0,0,0
25/12/2010,7:45,1,0,1,0,0
25/12/2010,8:00,4,1,2,1,0
25/12/2010,8:15,4,0,4,0,0
25/12/2010,8:30,3,2,1,0,0
25/12/2010,8:45,5,3,2,0,0
25/12/2010,9:00,1,1,0,0,0
25/12/2010,9:15,3,3,0,0,0
25/12/2010,9:30,4,1,1,0,2
25/12/2010,9:45,7,2,2,2,1
25/12/2010,10:00,1,1,0,0,0
25/12/2010,10:15,6,1,5,0,0
25/12/2010,10:30,5,3,2,0,0
25/12/2010,10:45,6,2,4,0,0
25/12/2010,11:00,6,3,1,0,2
25/12/2010,11:15,3,3,0,0,0
25/12/2010,11:30,7,3,2,1,1
25/12/2010,11:45,7,3,3,0,1
25/12/2010,12:00,7,4,2,1,0
25/12/2010,12:15,12,3,5,4,0
25/12/2010,12:30,4,2,2,0,0
25/12/2010,12:45,5,2,2,0,1
25/12/2010,13:00,3,0,2,1,0
25/12/2010,13:15,4,2,1,0,1
25/12/2010,13:30,7,3,1,1,2
25/12/2010,13:45,8,4,1,3,0
25/12/2010,14:00,4,0,3,0,1
25/12/2010,14:15,10,4,1,4,1
25/12/2010,14:30,4,1,2,1,0
25/12/2010,14:45,13,2,10,0,1
25/12/2010,15:00,8,2,4,2,0
25/12/2010,15:15,7,2,4,0,1
25/12/2010,15:30,11,4,7,0,0
25/12/2010,15:45,13,5,6,0,2
25/12/2010,16:00,9,6,1,1,1
25/12/2010,16:15,7,1,5,1,0
25/12/2010,16:30,5,3,1,1,0
25/12/2010,16:45,3,0,1,0,2
25/12/2010,17:00,1,0,0,0,1
25/12/2010,17:15,1,0,1,0,0
25/12/2010,17:30,1,0,0,0,1
25/12/2010,17:45,0,0,0,0,0
25/12/2010,18:00,0,0,0,0,0
25/12/2010,18:15,0,0,0,0,0
25/12/2010,18:30,0,0,0,0,0
25/12/2010,18:45,0,0,0,0,0
25/12/2010,19:00,0,0,0,0,0
25/12/2010,19:15,0,0,0,0,0
25/12/2010,19:30,0,0,0,0,0
25/12/2010,19:45,0,0,0,0,0
25/12/2010,20:00,0,0,0,0,0
25/12/2010,20:15,0,0,0,0,0
25/12/2010,20:30,0,0,0,0,0
25/12/2010,20:45,0,0,0,0,0
25/12/2010,21:00,0,0,0,0,0
25/12/2010,21:15,0,0,0,0,0
25/12/2010,21:30,0,0,0,0,0
25/12/2010,21:45,0,0,0,0,0
25/12/2010,22:00,0,0,0,0,0
25/12/2010,22:15,0,0,0,0,0
25/12/2010,22:30,0,0,0,0,0
25/12/2010,22:45,0,0,0,0,0
25/12/2010,23:00,0,0,0,0,0
25/12/2010,23:15,0,0,0,0,0
25/12/2010,23:30,0,0,0,0,0
25/12/2010,23:45,0,0,0,0,0
26/12/2010,0:00,0,0,0,0,0
26/12/2010,0:15,1,0,1,0,0
26/12/2010,0:30,0,0,0,0,0
26/12/2010,0:45,0,0,0,0,0
26/12/2010,1:00,0,0,0,0,0
26/12/2010,1:15,0,0,0,0,0
26/12/2010,1:30,0,0,0,0,0
26/12/2010,1:45,0,0,0,0,0
26/12/2010,2:00,0,0,0,0,0
26/12/2010,2:15,0,0,0,0,0
26/12/2010,2:30,0,0,0,0,0
26/12/2010,2:45,0,0,0,0,0
26/12/2010,3:00,0,0,0,0,0
26/12/2010,3:15,0,0,0,0,0
26/12/2010,3:30,0,0,0,0,0
26/12/2010,3:45,0,0,0,0,0
26/12/2010,4:00,1,0,0,1,0
26/12/2010,4:15,2,2,0,0,0
26/12/2010,4:30,0,0,0,0,0
26/12/2010,4:45,0,0,0,0,0
26/12/2010,5:00,0,0,0,0,0
26/12/2010,5:15,0,0,0,0,0
26/12/2010,5:30,0,0,0,0,0
26/12/2010,5:45,0,0,0,0,0
26/12/2010,6:00,0,0,0,0,0
26/12/2010,6:15,1,0,1,0,0
26/12/2010,6:30,3,2,1,0,0
26/12/2010,6:45,4,1,3,0,0
26/12/2010,7:00,0,0,0,0,0
26/12/2010,7:15,3,2,1,0,0
26/12/2010,7:30,0,0,0,0,0
26/12/2010,7:45,10,2,6,1,1
26/12/2010,8:00,3,1,1,1,0
26/12/2010,8:15,4,3,0,0,1
26/12/2010,8:30,6,2,2,0,2
26/12/2010,8:45,5,0,3,1,1
26/12/2010,9:00,6,1,1,3,1
26/12/2010,9:15,6,4,1,1,0
26/12/2010,9:30,5,1,4,0,0
26/12/2010,9:45,7,3,3,0,1
26/12/2010,10:00,7,3,4,0,0
26/12/2010,10:15,4,1,1,1,1
26/12/2010,10:30,11,3,6,2,0
26/12/2010,10:45,8,4,4,0,0
26/12/2010,11:00,6,4,1,1,0
26/12/2010,11:15,9,3,4,1,1
26/12/2010,11:30,7,3,3,0,1
26/12/2010,11:45,5,0,3,0,2
26/12/2010,12:00,8,7,0,1,0
26/12/2010,12:15,7,5,2,0,0
26/12/2010,12:30,2,2,0,0,0
26/12/2010,12:45,8,2,4,1,1
26/12/2010,13:00,2,2,0,0,0
26/12/2010,13:15,9,5,4,0,0
26/12/2010,13:30,8,2,3,1,2
26/12/2010,13:45,5,3,0,0,2
26/12/2010,14:00,8,2,2,1,3
26/12/2010,14:15,4,2,2,0,0
26/12/2010,14:30,1,0,1,0,0
26/12/2010,14:45,5,1,3,0,1
26/12/2010,15:00,4,2,1,1,0
26/12/2010,15:15,4,0,2,0,2
26/12/2010,15:30,5,3,1,1,0
26/12/2010,15:45,3,2,1,0,0
26/12/2010,16:00,3,3,0,0,0
26/12/2010,16:15,3,3,0,0,0
26/12/2010,16:30,3,1,1,0,1
26/12/2010,16:45,2,0,1,1,0
26/12/2010,17:00,2,0,2,0,0
26/12/2010,17:15,0,0,0,0,0
26/12/2010,17:30,0,0,0,0,0
26/12/2010,17:45,0,0,0,0,0
26/12/2010,18:00,0,0,0,0,0
26/12/2010,18:15,0,0,0,0,0
26/12/2010,18:30,0,0,0,0,0
26/12/2010,18:45,0,0,0,0,0
26/12/2010,19:00,0,0,0,0,0
26/12/2010,19:15,0,0,0,0,0
26/12/2010,19:30,0,0,0,0,0
26/12/2010,19:45,0,0,0,0,0
26/12/2010,20:00,0,0,0,0,0
26/12/2010,20:15,0,0,0,0,0
26/12/2010,20:30,0,0,0,0,0
26/12/2010,20:45,0,0,0,0,0
26/12/2010,21:00,0,0,0,0,0
26/12/2010,21:15,0,0,0,0,0
26/12/2010,21:30,1,1,0,0,0
26/12/2010,21:45,0,0,0,0,0
26/12/2010,22:00,0,0,0,0,0
26/12/2010,22:15,0,0,0,0,0
26/12/2010,22:30,0,0,0,0,0
26/12/2010,22:45,0,0,0,0,0
26/12/2010,23:00,0,0,0,0,0
26/12/2010,23:15,0,0,0,0,0
26/12/2010,23:30,0,0,0,0,0
26/12/2010,23:45,0,0,0,0,0
27/12/2010,0:00,0,0,0,0,0
27/12/2010,0:15,0,0,0,0,0
27/12/2010,0:30,0,0,0,0,0
27/12/2010,0:45,0,0,0,0,0
27/12/2010,1:00,0,0,0,0,0
27/12/2010,1:15,0,0,0,0,0
27/12/2010,1:30,0,0,0,0,0
27/12/2010,1:45,0,0,0,0,0
27/12/2010,2:00,0,0,0,0,0
27/12/2010,2:15,0,0,0,0,0
27/12/2010,2:30,0,0,0,0,0
27/12/2010,2:45,0,0,0,0,0
27/12/2010,3:00,0,0,0,0,0
27/12/2010,3:15,0,0,0,0,0
27/12/2010,3:30,0,0,0,0,0
27/12/2010,3:45,0,0,0,0,0
27/12/2010,4:00,0,0,0,0,0
27/12/2010,4:15,2,2,0,0,0
27/12/2010,4:30,0,0,0,0,0
27/12/2010,4:45,0,0,0,0,0
27/12/2010,5:00,0,0,0,0,0
27/12/2010,5:15,0,0,0,0,0
27/12/2010,5:30,1,1,0,0,0
27/12/2010,5:45,1,0,1,0,0
27/12/2010,6:00,1,0,1,0,0
27/12/2010,6:15,1,0,0,1,0
27/12/2010,6:30,0,0,0,0,0
27/12/2010,6:45,1,1,0,0,0
27/12/2010,7:00,0,0,0,0,0
27/12/2010,7:15,1,0,0,1,0
27/12/2010,7:30,0,0,0,0,0
27/12/2010,7:45,0,0,0,0,0
27/12/2010,8:00,1,0,0,1,0
27/12/2010,8:15,0,0,0,0,0
27/12/2010,8:30,2,0,0,2,0
27/12/2010,8:45,3,1,2,0,0
27/12/2010,9:00,1,0,0,1,0
27/12/2010,9:15,4,1,2,0,1
27/12/2010,9:30,0,0,0,0,0
27/12/2010,9:45,2,1,1,0,0
27/12/2010,10:00,5,3,1,1,0
27/12/2010,10:15,5,1,2,2,0
27/12/2010,10:30,4,1,3,0,0
27/12/2010,10:45,0,0,0,0,0
27/12/2010,11:00,1,1,0,0,0
27/12/2010,11:15,0,0,0,0,0
27/12/2010,11:30,0,0,0,0,0
27/12/2010,11:45,0,0,0,0,0
27/12/2010,12:00,4,3,1,0,0
27/12/2010,12:15,0,0,0,0,0
27/12/2010,12:30,0,0,0,0,0
27/12/2010,12:45,1,0,1,0,0
27/12/2010,13:00,0,0,0,0,0
27/12/2010,13:15,3,2,0,1,0
27/12/2010,13:30,2,1,0,0,1
27/12/2010,13:45,0,0,0,0,0
27/12/2010,14:00,0,0,0,0,0
27/12/2010,14:15,1,0,1,0,0
27/12/2010,14:30,0,0,0,0,0
27/12/2010,14:45,1,0,1,0,0
27/12/2010,15:00,0,0,0,0,0
27/12/2010,15:15,1,1,0,0,0
27/12/2010,15:30,4,0,2,1,1
27/12/2010,15:45,2,1,1,0,0
27/12/2010,16:00,3,3,0,0,0
27/12/2010,16:15,3,0,1,0,2
27/12/2010,16:30,4,2,2,0,0
27/12/2010,16:45,2,1,1,0,0
27/12/2010,17:00,7,3,1,1,2
27/12/2010,17:15,4,0,4,0,0
27/12/2010,17:30,1,0,0,0,1
27/12/2010,17:45,4,1,2,0,1
27/12/2010,18:00,1,0,0,0,1
27/12/2010,18:15,3,1,2,0,0
27/12/2010,18:30,1,0,1,0,0
27/12/2010,18:45,1,1,0,0,0
27/12/2010,19:00,2,0,1,1,0
27/12/2010,19:15,0,0,0,0,0
27/12/2010,19:30,1,0,0,0,1
27/12/2010,19:45,0,0,0,0,0
27/12/2010,20:00,1,0,0,0,1
27/12/2010,20:15,0,0,0,0,0
27/12/2010,20:30,2,1,1,0,0
27/12/2010,20:45,0,0,0,0,0
27/12/2010,21:00,1,1,0,0,0
27/12/2010,21:15,0,0,0,0,0
27/12/2010,21:30,0,0,0,0,0
27/12/2010,21:45,0,0,0,0,0
27/12/2010,22:00,0,0,0,0,0
27/12/2010,22:15,0,0,0,0,0
27/12/2010,22:30,0,0,0,0,0
27/12/2010,22:45,0,0,0,0,0
27/12/2010,23:00,0,0,0,0,0
27/12/2010,23:15,0,0,0,0,0
27/12/2010,23:30,0,0,0,0,0
27/12/2010,23:45,0,0,0,0,0
28/12/2010,0:00,0,0,0,0,0
28/12/2010,0:15,0,0,0,0,0
28/12/2010,0:30,0,0,0,0,0
28/12/2010,0:45,0,0,0,0,0
28/12/2010,1:00,0,0,0,0,0
28/12/2010,1:15,0,0,0,0,0
28/12/2010,1:30,0,0,0,0,0
28/12/2010,1:45,0,0,0,0,0
28/12/2010,2:00,0,0,0,0,0
28/12/2010,2:15,0,0,0,0,0
28/12/2010,2:30,0,0,0,0,0
28/12/2010,2:45,0,0,0,0,0
28/12/2010,3:00,0,0,0,0,0
28/12/2010,3:15,0,0,0,0,0
28/12/2010,3:30,0,0,0,0,0
28/12/2010,3:45,0,0,0,0,0
28/12/2010,4:00,0,0,0,0,0
28/12/2010,4:15,3,3,0,0,0
28/12/2010,4:30,0,0,0,0,0
28/12/2010,4:45,0,0,0,0,0
28/12/2010,5:00,0,0,0,0,0
28/12/2010,5:15,2,1,0,1,0
28/12/2010,5:30,0,0,0,0,0
28/12/2010,5:45,3,1,2,0,0
28/12/2010,6:00,1,1,0,0,0
28/12/2010,6:15,3,2,0,1,0
28/12/2010,6:30,2,0,2,0,0
28/12/2010,6:45,5,4,0,1,0
28/12/2010,7:00,6,2,1,2,1
28/12/2010,7:15,5,0,0,4,1
28/12/2010,7:30,2,0,2,0,0
28/12/2010,7:45,5,0,2,3,0
28/12/2010,8:00,4,1,1,0,2
28/12/2010,8:15,11,4,2,4,1
28/12/2010,8:30,6,2,3,1,0
28/12/2010,8:45,8,2,2,4,0
28/12/2010,9:00,6,2,3,1,0
28/12/2010,9:15,1,1,0,0,0
28/12/2010,9:30,3,2,1,0,0
28/12/2010,9:45,6,0,5,0,1
28/12/2010,10:00,4,1,0,1,2
28/12/2010,10:15,5,1,1,2,1
28/12/2010,10:30,6,1,3,2,0
28/12/2010,10:45,0,0,0,0,0
28/12/2010,11:00,3,1,2,0,0
28/12/2010,11:15,4,2,0,1,1
28/12/2010,11:30,6,2,1,2,1
28/12/2010,11:45,2,0,2,0,0
28/12/2010,12:00,3,2,1,0,0
28/12/2010,12:15,4,2,1,0,1
28/12/2010,12:30,3,2,1,0,0
28/12/2010,12:45,4,2,0,1,1
28/12/2010,13:00,3,1,2,0,0
28/12/2010,13:15,3,0,1,1,1
28/12/2010,13:30,4,2,1,0,1
28/12/2010,13:45,13,4,8,0,1
28/12/2010,14:00,6,1,2,3,0
28/12/2010,14:15,5,3,1,1,0
28/12/2010,14:30,5,2,1,2,0
28/12/2010,14:45,5,0,4,1,0
28/12/2010,15:00,6,0,2,3,1
28/12/2010,15:15,10,5,1,4,0
28/12/2010,15:30,8,1,4,1,2
28/12/2010,15:45,4,2,2,0,0
28/12/2010,16:00,8,2,2,2,2
28/12/2010,16:15,8,4,2,0,2
28/12/2010,16:30,6,3,0,2,1
28/12/2010,16:45,13,6,4,0,3
28/12/2010,17:00,6,1,3,1,1
28/12/2010,17:15,6,3,1,0,2
28/12/2010,17:30,6,0,1,1,4
28/12/2010,17:45,3,1,1,0,1
28/12/2010,18:00,5,0,0,0,5
28/12/2010,18:15,5,1,1,3,0
28/12/2010,18:30,4,0,1,0,3
28/12/2010,18:45,4,3,1,0,0
28/12/2010,19:00,3,1,2,0,0
28/12/2010,19:15,2,0,1,0,1
28/12/2010,19:30,2,1,1,0,0
28/12/2010,19:45,0,0,0,0,0
28/12/2010,20:00,1,1,0,0,0
28/12/2010,20:15,2,0,0,1,1
28/12/2010,20:30,0,0,0,0,0
28/12/2010,20:45,0,0,0,0,0
28/12/2010,21:00,0,0,0,0,0
28/12/2010,21:15,1,0,0,0,1
28/12/2010,21:30,0,0,0,0,0
28/12/2010,21:45,0,0,0,0,0
28/12/2010,22:00,0,0,0,0,0
28/12/2010,22:15,0,0,0,0,0
28/12/2010,22:30,0,0,0,0,0
28/12/2010,22:45,0,0,0,0,0
28/12/2010,23:00,1,0,0,0,1
28/12/2010,23:15,0,0,0,0,0
28/12/2010,23:30,0,0,0,0,0
28/12/2010,23:45,0,0,0,0,0
29/12/2010,0:00,2,0,1,0,1
29/12/2010,0:15,0,0,0,0,0
29/12/2010,0:30,1,0,1,0,0
29/12/2010,0:45,0,0,0,0,0
29/12/2010,1:00,0,0,0,0,0
29/12/2010,1:15,0,0,0,0,0
29/12/2010,1:30,0,0,0,0,0
29/12/2010,1:45,0,0,0,0,0
29/12/2010,2:00,0,0,0,0,0
29/12/2010,2:15,1,0,1,0,0
29/12/2010,2:30,0,0,0,0,0
29/12/2010,2:45,0,0,0,0,0
29/12/2010,3:00,0,0,0,0,0
29/12/2010,3:15,0,0,0,0,0
29/12/2010,3:30,0,0,0,0,0
29/12/2010,3:45,0,0,0,0,0
29/12/2010,4:00,0,0,0,0,0
29/12/2010,4:15,3,3,0,0,0
29/12/2010,4:30,0,0,0,0,0
29/12/2010,4:45,0,0,0,0,0
29/12/2010,5:00,1,1,0,0,0
29/12/2010,5:15,1,1,0,0,0
29/12/2010,5:30,1,0,0,1,0
29/12/2010,5:45,1,0,0,1,0
29/12/2010,6:00,1,0,1,0,0
29/12/2010,6:15,2,0,0,2,0
29/12/2010,6:30,1,0,1,0,0
29/12/2010,6:45,6,2,0,4,0
29/12/2010,7:00,9,4,1,4,0
29/12/2010,7:15,9,3,1,5,0
29/12/2010,7:30,6,1,4,1,0
29/12/2010,7:45,7,1,4,2,0
29/12/2010,8:00,9,2,1,5,1
29/12/2010,8:15,11,5,1,3,2
29/12/2010,8:30,11,5,3,2,1
29/12/2010,8:45,10,3,4,2,1
29/12/2010,9:00,7,3,0,4,0
29/12/2010,9:15,8,0,2,4,2
29/12/2010,9:30,7,3,3,1,0
29/12/2010,9:45,8,3,4,0,1
29/12/2010,10:00,7,4,0,2,1
29/12/2010,10:15,4,2,1,0,1
29/12/2010,10:30,10,4,3,3,0
29/12/2010,10:45,7,4,0,3,0
29/12/2010,11:00,11,4,4,3,0
29/12/2010,11:15,5,1,2,0,2
29/12/2010,11:30,3,0,1,0,2
29/12/2010,11:45,2,2,0,0,0
29/12/2010,12:00,6,2,0,2,2
29/12/2010,12:15,29,11,7,5,6
29/12/2010,12:30,2,1,0,0,1
29/12/2010,12:45,5,3,1,1,0
29/12/2010,13:00,10,3,2,4,1
29/12/2010,13:15,11,2,2,0,7
29/12/2010,13:30,4,0,2,0,2
29/12/2010,13:45,8,1,4,2,1
29/12/2010,14:00,11,4,1,5,1
29/12/2010,14:15,9,3,1,4,1
29/12/2010,14:30,8,2,2,4,0
29/12/2010,14:45,12,2,4,1,5
29/12/2010,15:00,5,1,1,2,1
29/12/2010,15:15,8,3,2,1,2
29/12/2010,15:30,15,4,2,5,4
29/12/2010,15:45,14,3,5,2,4
29/12/2010,16:00,15,3,2,7,3
29/12/2010,16:15,13,4,3,5,1
29/12/2010,16:30,17,5,3,1,8
29/12/2010,16:45,9,1,3,0,5
29/12/2010,17:00,10,3,0,1,6
29/12/2010,17:15,23,13,3,1,6
29/12/2010,17:30,8,3,2,0,3
29/12/2010,17:45,10,2,1,1,6
29/12/2010,18:00,8,1,2,1,4
29/12/2010,18:15,7,1,2,0,4
29/12/2010,18:30,3,2,0,1,0
29/12/2010,18:45,5,0,1,0,4
29/12/2010,19:00,4,0,2,0,2
29/12/2010,19:15,4,1,0,0,3
29/12/2010,19:30,2,0,0,0,2
29/12/2010,19:45,1,0,1,0,0
29/12/2010,20:00,4,1,1,0,2
29/12/2010,20:15,0,0,0,0,0
29/12/2010,20:30,2,0,0,0,2
29/12/2010,20:45,0,0,0,0,0
29/12/2010,21:00,0,0,0,0,0
29/12/2010,21:15,0,0,0,0,0
29/12/2010,21:30,0,0,0,0,0
29/12/2010,21:45,0,0,0,0,0
29/12/2010,22:00,0,0,0,0,0
29/12/2010,22:15,0,0,0,0,0
29/12/2010,22:30,0,0,0,0,0
29/12/2010,22:45,0,0,0,0,0
29/12/2010,23:00,0,0,0,0,0
29/12/2010,23:15,0,0,0,0,0
29/12/2010,23:30,0,0,0,0,0
29/12/2010,23:45,0,0,0,0,0
30/12/2010,0:00,1,0,1,0,0
30/12/2010,0:15,0,0,0,0,0
30/12/2010,0:30,1,1,0,0,0
30/12/2010,0:45,0,0,0,0,0
30/12/2010,1:00,0,0,0,0,0
30/12/2010,1:15,0,0,0,0,0
30/12/2010,1:30,0,0,0,0,0
30/12/2010,1:45,0,0,0,0,0
30/12/2010,2:00,0,0,0,0,0
30/12/2010,2:15,0,0,0,0,0
30/12/2010,2:30,0,0,0,0,0
30/12/2010,2:45,0,0,0,0,0
30/12/2010,3:00,0,0,0,0,0
30/12/2010,3:15,0,0,0,0,0
30/12/2010,3:30,0,0,0,0,0
30/12/2010,3:45,0,0,0,0,0
30/12/2010,4:00,0,0,0,0,0
30/12/2010,4:15,0,0,0,0,0
30/12/2010,4:30,2,2,0,0,0
30/12/2010,4:45,0,0,0,0,0
30/12/2010,5:00,0,0,0,0,0
30/12/2010,5:15,0,0,0,0,0
30/12/2010,5:30,1,1,0,0,0
30/12/2010,5:45,0,0,0,0,0
30/12/2010,6:00,4,0,3,1,0
30/12/2010,6:15,5,3,1,0,1
30/12/2010,6:30,8,3,3,2,0
30/12/2010,6:45,13,2,8,2,1
30/12/2010,7:00,6,2,0,4,0
30/12/2010,7:15,3,1,0,2,0
30/12/2010,7:30,6,3,1,1,1
30/12/2010,7:45,4,1,1,1,1
30/12/2010,8:00,10,3,1,6,0
30/12/2010,8:15,12,2,2,5,3
30/12/2010,8:30,13,4,4,5,0
30/12/2010,8:45,5,0,2,3,0
30/12/2010,9:00,9,2,1,4,2
30/12/2010,9:15,5,1,1,3,0
30/12/2010,9:30,3,2,1,0,0
30/12/2010,9:45,4,1,1,2,0
30/12/2010,10:00,5,2,2,1,0
30/12/2010,10:15,3,1,1,1,0
30/12/2010,10:30,11,4,2,5,0
30/12/2010,10:45,8,4,1,2,1
30/12/2010,11:00,7,3,2,1,1
30/12/2010,11:15,4,0,3,0,1
30/12/2010,11:30,7,4,0,3,0
30/12/2010,11:45,8,3,3,1,1
30/12/2010,12:00,9,5,3,0,1
30/12/2010,12:15,9,1,5,2,1
30/12/2010,12:30,10,3,3,0,4
30/12/2010,12:45,7,1,1,3,2
30/12/2010,13:00,8,2,2,3,1
30/12/2010,13:15,11,1,2,5,3
30/12/2010,13:30,8,1,3,3,1
30/12/2010,13:45,9,1,3,1,4
30/12/2010,14:00,7,2,0,4,1
30/12/2010,14:15,11,1,2,7,1
30/12/2010,14:30,5,1,1,3,0
30/12/2010,14:45,8,1,2,3,2
30/12/2010,15:00,11,4,3,1,3
30/12/2010,15:15,15,3,4,6,2
30/12/2010,15:30,18,5,4,3,6
30/12/2010,15:45,15,1,5,7,2
30/12/2010,16:00,21,3,7,4,7
30/12/2010,16:15,28,8,7,5,8
30/12/2010,16:30,20,6,2,2,10
30/12/2010,16:45,17,3,3,5,6
30/12/2010,17:00,18,8,5,3,2
30/12/2010,17:15,14,0,2,3,9
30/12/2010,17:30,10,1,2,1,6
30/12/2010,17:45,5,0,0,0,5
30/12/2010,18:00,6,0,1,1,4
30/12/2010,18:15,2,1,0,0,1
30/12/2010,18:30,2,0,1,1,0
30/12/2010,18:45,3,0,1,1,1
30/12/2010,19:00,2,0,1,0,1
30/12/2010,19:15,0,0,0,0,0
30/12/2010,19:30,3,2,0,0,1
30/12/2010,19:45,0,0,0,0,0
30/12/2010,20:00,0,0,0,0,0
30/12/2010,20:15,2,2,0,0,0
30/12/2010,20:30,0,0,0,0,0
30/12/2010,20:45,1,0,0,1,0
30/12/2010,21:00,0,0,0,0,0
30/12/2010,21:15,1,0,0,0,1
30/12/2010,21:30,0,0,0,0,0
30/12/2010,21:45,1,0,0,0,1
30/12/2010,22:00,0,0,0,0,0
30/12/2010,22:15,1,0,0,1,0
30/12/2010,22:30,1,0,1,0,0
30/12/2010,22:45,0,0,0,0,0
30/12/2010,23:00,0,0,0,0,0
30/12/2010,23:15,0,0,0,0,0
30/12/2010,23:30,1,1,0,0,0
30/12/2010,23:45,0,0,0,0,0
31/12/2010,0:00,0,0,0,0,0
31/12/2010,0:15,1,0,0,0,1
31/12/2010,0:30,1,1,0,0,0
31/12/2010,0:45,0,0,0,0,0
31/12/2010,1:00,0,0,0,0,0
31/12/2010,1:15,0,0,0,0,0
31/12/2010,1:30,1,0,0,0,1
31/12/2010,1:45,0,0,0,0,0
31/12/2010,2:00,1,0,0,1,0
31/12/2010,2:15,0,0,0,0,0
31/12/2010,2:30,0,0,0,0,0
31/12/2010,2:45,0,0,0,0,0
31/12/2010,3:00,0,0,0,0,0
31/12/2010,3:15,0,0,0,0,0
31/12/2010,3:30,0,0,0,0,0
31/12/2010,3:45,0,0,0,0,0
31/12/2010,4:00,0,0,0,0,0
31/12/2010,4:15,0,0,0,0,0
31/12/2010,4:30,3,2,0,0,1
31/12/2010,4:45,0,0,0,0,0
31/12/2010,5:00,0,0,0,0,0
31/12/2010,5:15,0,0,0,0,0
31/12/2010,5:30,0,0,0,0,0
31/12/2010,5:45,1,1,0,0,0
31/12/2010,6:00,0,0,0,0,0
31/12/2010,6:15,1,0,1,0,0
31/12/2010,6:30,1,1,0,0,0
31/12/2010,6:45,4,1,3,0,0
31/12/2010,7:00,7,1,0,1,5
31/12/2010,7:15,1,0,0,0,1
31/12/2010,7:30,3,1,1,1,0
31/12/2010,7:45,1,0,1,0,0
31/12/2010,8:00,2,2,0,0,0
31/12/2010,8:15,11,5,4,2,0
31/12/2010,8:30,12,2,3,4,3
31/12/2010,8:45,10,2,5,2,1
31/12/2010,9:00,3,2,0,0,1
31/12/2010,9:15,8,1,5,1,1
31/12/2010,9:30,15,9,3,0,3
31/12/2010,9:45,5,1,1,1,2
31/12/2010,10:00,15,3,7,1,4
31/12/2010,10:15,18,9,4,2,3
31/12/2010,10:30,11,3,4,2,2
31/12/2010,10:45,24,8,5,6,5
31/12/2010,11:00,15,3,6,2,4
31/12/2010,11:15,17,2,3,8,4
31/12/2010,11:30,10,3,4,2,1
31/12/2010,11:45,15,3,2,6,4
31/12/2010,12:00,11,3,1,2,5
31/12/2010,12:15,18,5,5,4,4
31/12/2010,12:30,19,6,3,8,2
31/12/2010,12:45,23,9,6,4,4
31/12/2010,13:00,16,2,2,7,5
31/12/2010,13:15,25,4,4,11,6
31/12/2010,13:30,13,1,3,3,6
31/12/2010,13:45,13,3,0,5,5
31/12/2010,14:00,32,5,6,14,7
31/12/2010,14:15,18,1,2,7,8
31/12/2010,14:30,27,7,1,18,1
31/12/2010,14:45,27,5,7,9,6
31/12/2010,15:00,23,2,5,9,7
31/12/2010,15:15,20,3,8,7,2
31/12/2010,15:30,27,7,4,10,6
31/12/2010,15:45,22,2,4,6,10
31/12/2010,16:00,19,6,4,3,6
31/12/2010,16:15,27,4,7,14,2
31/12/2010,16:30,18,5,3,7,3
31/12/2010,16:45,12,3,4,3,2
31/12/2010,17:00,21,5,4,1,11
31/12/2010,17:15,14,4,4,2,4
31/12/2010,17:30,9,2,3,2,2
31/12/2010,17:45,4,2,2,0,0
31/12/2010,18:00,3,1,0,1,1
31/12/2010,18:15,2,2,0,0,0
31/12/2010,18:30,2,1,1,0,0
31/12/2010,18:45,0,0,0,0,0
31/12/2010,19:00,0,0,0,0,0
31/12/2010,19:15,1,0,0,0,1
31/12/2010,19:30,1,0,0,0,1
31/12/2010,19:45,2,0,1,1,0
31/12/2010,20:00,0,0,0,0,0
31/12/2010,20:15,0,0,0,0,0
31/12/2010,20:30,1,0,0,0,1
31/12/2010,20:45,1,0,1,0,0
31/12/2010,21:00,2,0,0,2,0
31/12/2010,21:15,2,0,1,1,0
31/12/2010,21:30,0,0,0,0,0
31/12/2010,21:45,0,0,0,0,0
31/12/2010,22:00,1,1,0,0,0
31/12/2010,22:15,0,0,0,0,0
31/12/2010,22:30,0,0,0,0,0
31/12/2010,22:45,2,2,0,0,0
31/12/2010,23:00,0,0,0,0,0
31/12/2010,23:15,0,0,0,0,0
31/12/2010,23:30,0,0,0,0,0
31/12/2010,23:45,0,0,0,0,0
