Date,,WOD East Falls Church,WOD EFC Ped IN,WOD EFC Ped OUT,WOD EFC Bike IN,WOD EFC Bike OUT
07/12/2010,00:00,0,0,0,0,0
07/12/2010,00:15,0,0,0,0,0
07/12/2010,00:30,0,0,0,0,0
07/12/2010,00:45,0,0,0,0,0
07/12/2010,01:00,0,0,0,0,0
07/12/2010,01:15,0,0,0,0,0
07/12/2010,01:30,0,0,0,0,0
07/12/2010,01:45,0,0,0,0,0
07/12/2010,02:00,0,0,0,0,0
07/12/2010,02:15,0,0,0,0,0
07/12/2010,02:30,0,0,0,0,0
07/12/2010,02:45,0,0,0,0,0
07/12/2010,03:00,0,0,0,0,0
07/12/2010,03:15,0,0,0,0,0
07/12/2010,03:30,0,0,0,0,0
07/12/2010,03:45,0,0,0,0,0
07/12/2010,04:00,1,1,0,0,0
07/12/2010,04:15,1,1,0,0,0
07/12/2010,04:30,0,0,0,0,0
07/12/2010,04:45,1,1,0,0,0
07/12/2010,05:00,0,0,0,0,0
07/12/2010,05:15,0,0,0,0,0
07/12/2010,05:30,0,0,0,0,0
07/12/2010,05:45,0,0,0,0,0
07/12/2010,06:00,0,0,0,0,0
07/12/2010,06:15,1,0,1,0,0
07/12/2010,06:30,0,0,0,0,0
07/12/2010,06:45,1,1,0,0,0
07/12/2010,07:00,0,0,0,0,0
07/12/2010,07:15,1,0,1,0,0
07/12/2010,07:30,2,0,2,0,0
07/12/2010,07:45,0,0,0,0,0
07/12/2010,08:00,0,0,0,0,0
07/12/2010,08:15,0,0,0,0,0
07/12/2010,08:30,0,0,0,0,0
07/12/2010,08:45,2,2,0,0,0
07/12/2010,09:00,2,0,2,0,0
07/12/2010,09:15,0,0,0,0,0
07/12/2010,09:30,1,0,1,0,0
07/12/2010,09:45,0,0,0,0,0
07/12/2010,10:00,0,0,0,0,0
07/12/2010,10:15,0,0,0,0,0
07/12/2010,10:30,0,0,0,0,0
07/12/2010,10:45,0,0,0,0,0
07/12/2010,11:00,0,0,0,0,0
07/12/2010,11:15,0,0,0,0,0
07/12/2010,11:30,0,0,0,0,0
07/12/2010,11:45,0,0,0,0,0
07/12/2010,12:00,0,0,0,0,0
07/12/2010,12:15,0,0,0,0,0
07/12/2010,12:30,0,0,0,0,0
07/12/2010,12:45,0,0,0,0,0
07/12/2010,13:00,0,0,0,0,0
07/12/2010,13:15,0,0,0,0,0
07/12/2010,13:30,0,0,0,0,0
07/12/2010,13:45,0,0,0,0,0
07/12/2010,14:00,0,0,0,0,0
07/12/2010,14:15,0,0,0,0,0
07/12/2010,14:30,0,0,0,0,0
07/12/2010,14:45,0,0,0,0,0
07/12/2010,15:00,0,0,0,0,0
07/12/2010,15:15,0,0,0,0,0
07/12/2010,15:30,0,0,0,0,0
07/12/2010,15:45,0,0,0,0,0
07/12/2010,16:00,0,0,0,0,0
07/12/2010,16:15,0,0,0,0,0
07/12/2010,16:30,0,0,0,0,0
07/12/2010,16:45,0,0,0,0,0
07/12/2010,17:00,0,0,0,0,0
07/12/2010,17:15,0,0,0,0,0
07/12/2010,17:30,0,0,0,0,0
07/12/2010,17:45,0,0,0,0,0
07/12/2010,18:00,0,0,0,0,0
07/12/2010,18:15,0,0,0,0,0
07/12/2010,18:30,0,0,0,0,0
07/12/2010,18:45,0,0,0,0,0
07/12/2010,19:00,0,0,0,0,0
07/12/2010,19:15,0,0,0,0,0
07/12/2010,19:30,0,0,0,0,0
07/12/2010,19:45,0,0,0,0,0
07/12/2010,20:00,1,1,0,0,0
07/12/2010,20:15,0,0,0,0,0
07/12/2010,20:30,0,0,0,0,0
07/12/2010,20:45,0,0,0,0,0
07/12/2010,21:00,0,0,0,0,0
07/12/2010,21:15,1,1,0,0,0
07/12/2010,21:30,0,0,0,0,0
07/12/2010,21:45,1,0,1,0,0
07/12/2010,22:00,10,0,0,5,5
07/12/2010,22:15,0,0,0,0,0
07/12/2010,22:30,0,0,0,0,0
07/12/2010,22:45,0,0,0,0,0
07/12/2010,23:00,0,0,0,0,0
07/12/2010,23:15,4,1,0,0,3
07/12/2010,23:30,10,0,0,7,3
07/12/2010,23:45,9,0,0,3,6
08/12/2010,00:00,9,0,0,4,5
08/12/2010,00:15,6,0,0,0,6
08/12/2010,00:30,6,0,0,2,4
08/12/2010,00:45,9,0,0,2,7
08/12/2010,01:00,8,1,0,3,4
08/12/2010,01:15,3,0,0,0,3
08/12/2010,01:30,2,0,0,0,2
08/12/2010,01:45,2,0,0,0,2
08/12/2010,02:00,1,0,0,0,1
08/12/2010,02:15,2,0,0,1,1
08/12/2010,02:30,3,0,2,1,0
08/12/2010,02:45,0,0,0,0,0
08/12/2010,03:00,3,0,0,1,2
08/12/2010,03:15,0,0,0,0,0
08/12/2010,03:30,1,0,0,0,1
08/12/2010,03:45,0,0,0,0,0
08/12/2010,04:00,1,1,0,0,0
08/12/2010,04:15,0,0,0,0,0
08/12/2010,04:30,2,0,2,0,0
08/12/2010,04:45,0,0,0,0,0
08/12/2010,05:00,1,0,1,0,0
08/12/2010,05:15,2,1,0,0,1
08/12/2010,05:30,1,0,0,1,0
08/12/2010,05:45,0,0,0,0,0
08/12/2010,06:00,0,0,0,0,0
08/12/2010,06:15,2,0,1,0,1
08/12/2010,06:30,2,0,2,0,0
08/12/2010,06:45,0,0,0,0,0
08/12/2010,07:00,0,0,0,0,0
08/12/2010,07:15,0,0,0,0,0
08/12/2010,07:30,1,1,0,0,0
08/12/2010,07:45,0,0,0,0,0
08/12/2010,08:00,0,0,0,0,0
08/12/2010,08:15,0,0,0,0,0
08/12/2010,08:30,1,1,0,0,0
08/12/2010,08:45,0,0,0,0,0
08/12/2010,09:00,0,0,0,0,0
08/12/2010,09:15,0,0,0,0,0
08/12/2010,09:30,0,0,0,0,0
08/12/2010,09:45,0,0,0,0,0
08/12/2010,10:00,0,0,0,0,0
08/12/2010,10:15,1,0,0,0,1
08/12/2010,10:30,0,0,0,0,0
08/12/2010,10:45,0,0,0,0,0
08/12/2010,11:00,0,0,0,0,0
08/12/2010,11:15,1,0,0,1,0
08/12/2010,11:30,1,0,0,1,0
08/12/2010,11:45,1,0,0,1,0
08/12/2010,12:00,2,0,0,2,0
08/12/2010,12:15,3,0,0,3,0
08/12/2010,12:30,7,0,0,6,1
08/12/2010,12:45,5,0,0,5,0
08/12/2010,13:00,6,0,0,6,0
08/12/2010,13:15,11,0,0,9,2
08/12/2010,13:30,4,0,0,3,1
08/12/2010,13:45,10,0,0,7,3
08/12/2010,14:00,10,0,0,9,1
08/12/2010,14:15,9,0,0,7,2
08/12/2010,14:30,10,2,0,6,2
08/12/2010,14:45,6,0,0,6,0
08/12/2010,15:00,0,0,0,0,0
08/12/2010,15:15,1,0,0,1,0
08/12/2010,15:30,1,0,0,1,0
08/12/2010,15:45,1,0,0,1,0
08/12/2010,16:00,5,0,0,4,1
08/12/2010,16:15,1,0,0,1,0
08/12/2010,16:30,7,0,0,4,3
08/12/2010,16:45,0,0,0,0,0
08/12/2010,17:00,3,0,0,2,1
08/12/2010,17:15,3,0,0,1,2
08/12/2010,17:30,8,0,0,3,5
08/12/2010,17:45,6,0,0,3,3
08/12/2010,18:00,1,0,0,1,0
08/12/2010,18:15,0,0,0,0,0
08/12/2010,18:30,0,0,0,0,0
08/12/2010,18:45,0,0,0,0,0
08/12/2010,19:00,3,0,0,1,2
08/12/2010,19:15,2,0,0,2,0
08/12/2010,19:30,0,0,0,0,0
08/12/2010,19:45,0,0,0,0,0
08/12/2010,20:00,0,0,0,0,0
08/12/2010,20:15,2,0,0,2,0
08/12/2010,20:30,1,0,0,1,0
08/12/2010,20:45,1,0,0,0,1
08/12/2010,21:00,0,0,0,0,0
08/12/2010,21:15,2,0,0,0,2
08/12/2010,21:30,2,0,0,1,1
08/12/2010,21:45,3,0,0,1,2
08/12/2010,22:00,0,0,0,0,0
08/12/2010,22:15,5,0,0,2,3
08/12/2010,22:30,2,0,0,2,0
08/12/2010,22:45,5,0,0,2,3
08/12/2010,23:00,5,0,0,2,3
08/12/2010,23:15,8,0,0,3,5
08/12/2010,23:30,9,0,0,5,4
08/12/2010,23:45,12,0,0,3,9
09/12/2010,00:00,7,0,0,4,3
09/12/2010,00:15,10,0,0,3,7
09/12/2010,00:30,5,0,0,1,4
09/12/2010,00:45,8,0,0,4,4
09/12/2010,01:00,2,0,0,0,2
09/12/2010,01:15,1,1,0,0,0
09/12/2010,01:30,3,0,1,1,1
09/12/2010,01:45,2,0,0,1,1
09/12/2010,02:00,4,1,0,1,2
09/12/2010,02:15,4,0,0,0,4
09/12/2010,02:30,3,0,0,0,3
09/12/2010,02:45,0,0,0,0,0
09/12/2010,03:00,0,0,0,0,0
09/12/2010,03:15,0,0,0,0,0
09/12/2010,03:30,2,0,0,0,2
09/12/2010,03:45,0,0,0,0,0
09/12/2010,04:00,0,0,0,0,0
09/12/2010,04:15,1,0,1,0,0
09/12/2010,04:30,0,0,0,0,0
09/12/2010,04:45,4,3,1,0,0
09/12/2010,05:00,1,0,0,0,1
09/12/2010,05:15,0,0,0,0,0
09/12/2010,05:30,0,0,0,0,0
09/12/2010,05:45,2,1,1,0,0
09/12/2010,06:00,1,0,1,0,0
09/12/2010,06:15,0,0,0,0,0
09/12/2010,06:30,3,2,1,0,0
09/12/2010,06:45,0,0,0,0,0
09/12/2010,07:00,0,0,0,0,0
09/12/2010,07:15,0,0,0,0,0
09/12/2010,07:30,0,0,0,0,0
09/12/2010,07:45,0,0,0,0,0
09/12/2010,08:00,0,0,0,0,0
09/12/2010,08:15,0,0,0,0,0
09/12/2010,08:30,0,0,0,0,0
09/12/2010,08:45,0,0,0,0,0
09/12/2010,09:00,0,0,0,0,0
09/12/2010,09:15,0,0,0,0,0
09/12/2010,09:30,0,0,0,0,0
09/12/2010,09:45,0,0,0,0,0
09/12/2010,10:00,0,0,0,0,0
09/12/2010,10:15,0,0,0,0,0
09/12/2010,10:30,0,0,0,0,0
09/12/2010,10:45,0,0,0,0,0
09/12/2010,11:00,0,0,0,0,0
09/12/2010,11:15,1,0,0,1,0
09/12/2010,11:30,2,0,0,2,0
09/12/2010,11:45,1,0,0,0,1
09/12/2010,12:00,2,0,0,2,0
09/12/2010,12:15,5,0,0,5,0
09/12/2010,12:30,8,0,0,5,3
09/12/2010,12:45,6,0,0,6,0
09/12/2010,13:00,6,0,0,5,1
09/12/2010,13:15,5,0,0,5,0
09/12/2010,13:30,6,0,0,6,0
09/12/2010,13:45,11,0,0,9,2
09/12/2010,14:00,4,0,0,4,0
09/12/2010,14:15,10,0,0,6,4
09/12/2010,14:30,5,0,0,3,2
09/12/2010,14:45,8,0,0,7,1
09/12/2010,15:00,5,0,0,2,3
09/12/2010,15:15,5,0,0,4,1
09/12/2010,15:30,3,0,0,3,0
09/12/2010,15:45,2,0,0,2,0
09/12/2010,16:00,1,0,0,1,0
09/12/2010,16:15,1,0,0,0,1
09/12/2010,16:30,1,0,0,1,0
09/12/2010,16:45,1,0,0,0,1
09/12/2010,17:00,2,0,0,1,1
09/12/2010,17:15,1,0,0,1,0
09/12/2010,17:30,2,0,0,1,1
09/12/2010,17:45,2,0,0,1,1
09/12/2010,18:00,0,0,0,0,0
09/12/2010,18:15,2,0,0,2,0
09/12/2010,18:30,3,0,0,1,2
09/12/2010,18:45,3,0,0,2,1
09/12/2010,19:00,0,0,0,0,0
09/12/2010,19:15,0,0,0,0,0
09/12/2010,19:30,1,1,0,0,0
09/12/2010,19:45,2,1,0,1,0
09/12/2010,20:00,1,0,0,1,0
09/12/2010,20:15,4,1,0,3,0
09/12/2010,20:30,1,0,0,0,1
09/12/2010,20:45,2,1,0,1,0
09/12/2010,21:00,2,1,0,1,0
09/12/2010,21:15,1,0,0,0,1
09/12/2010,21:30,3,1,0,0,2
09/12/2010,21:45,3,2,0,0,1
09/12/2010,22:00,1,0,1,0,0
09/12/2010,22:15,5,2,0,2,1
09/12/2010,22:30,7,3,0,2,2
09/12/2010,22:45,9,3,0,4,2
09/12/2010,23:00,8,1,0,4,3
09/12/2010,23:15,5,0,0,4,1
09/12/2010,23:30,8,0,0,6,2
09/12/2010,23:45,12,0,0,7,5
10/12/2010,00:00,10,0,0,6,4
10/12/2010,00:15,10,0,0,6,4
10/12/2010,00:30,9,0,0,2,7
10/12/2010,00:45,10,0,0,5,5
10/12/2010,01:00,6,0,0,3,3
10/12/2010,01:15,2,0,0,1,1
10/12/2010,01:30,2,0,0,0,2
10/12/2010,01:45,1,0,0,0,1
10/12/2010,02:00,3,0,0,1,2
10/12/2010,02:15,3,0,0,0,3
10/12/2010,02:30,2,0,0,2,0
10/12/2010,02:45,3,0,0,1,2
10/12/2010,03:00,1,0,0,1,0
10/12/2010,03:15,0,0,0,0,0
10/12/2010,03:30,1,0,0,0,1
10/12/2010,03:45,0,0,0,0,0
10/12/2010,04:00,0,0,0,0,0
10/12/2010,04:15,0,0,0,0,0
10/12/2010,04:30,0,0,0,0,0
10/12/2010,04:45,0,0,0,0,0
10/12/2010,05:00,0,0,0,0,0
10/12/2010,05:15,1,0,0,1,0
10/12/2010,05:30,0,0,0,0,0
10/12/2010,05:45,2,0,2,0,0
10/12/2010,06:00,2,0,0,1,1
10/12/2010,06:15,3,0,1,1,1
10/12/2010,06:30,2,1,1,0,0
10/12/2010,06:45,2,1,1,0,0
10/12/2010,07:00,1,0,1,0,0
10/12/2010,07:15,2,1,1,0,0
10/12/2010,07:30,2,2,0,0,0
10/12/2010,07:45,2,0,2,0,0
10/12/2010,08:00,1,1,0,0,0
10/12/2010,08:15,1,0,1,0,0
10/12/2010,08:30,0,0,0,0,0
10/12/2010,08:45,1,0,1,0,0
10/12/2010,09:00,3,0,3,0,0
10/12/2010,09:15,0,0,0,0,0
10/12/2010,09:30,1,0,1,0,0
10/12/2010,09:45,0,0,0,0,0
10/12/2010,10:00,2,2,0,0,0
10/12/2010,10:15,1,0,0,1,0
10/12/2010,10:30,0,0,0,0,0
10/12/2010,10:45,0,0,0,0,0
10/12/2010,11:00,0,0,0,0,0
10/12/2010,11:15,0,0,0,0,0
10/12/2010,11:30,2,0,0,2,0
10/12/2010,11:45,0,0,0,0,0
10/12/2010,12:00,3,0,0,3,0
10/12/2010,12:15,3,0,0,3,0
10/12/2010,12:30,8,0,0,7,1
10/12/2010,12:45,7,0,0,6,1
10/12/2010,13:00,5,0,0,4,1
10/12/2010,13:15,7,0,0,7,0
10/12/2010,13:30,8,0,0,7,1
10/12/2010,13:45,13,0,0,12,1
10/12/2010,14:00,9,0,0,8,1
10/12/2010,14:15,10,0,0,10,0
10/12/2010,14:30,11,0,0,10,1
10/12/2010,14:45,7,0,0,7,0
10/12/2010,15:00,3,0,0,3,0
10/12/2010,15:15,3,0,0,2,1
10/12/2010,15:30,1,0,0,1,0
10/12/2010,15:45,2,0,0,1,1
10/12/2010,16:00,3,0,0,2,1
10/12/2010,16:15,1,0,0,0,1
10/12/2010,16:30,1,0,0,1,0
10/12/2010,16:45,1,0,0,1,0
10/12/2010,17:00,0,0,0,0,0
10/12/2010,17:15,4,0,0,2,2
10/12/2010,17:30,2,0,0,2,0
10/12/2010,17:45,1,0,0,1,0
10/12/2010,18:00,3,0,0,1,2
10/12/2010,18:15,1,0,0,1,0
10/12/2010,18:30,3,0,0,1,2
10/12/2010,18:45,1,0,0,0,1
10/12/2010,19:00,4,0,0,2,2
10/12/2010,19:15,3,0,0,3,0
10/12/2010,19:30,0,0,0,0,0
10/12/2010,19:45,2,0,0,1,1
10/12/2010,20:00,2,2,0,0,0
10/12/2010,20:15,0,0,0,0,0
10/12/2010,20:30,2,0,0,2,0
10/12/2010,20:45,4,2,0,0,2
10/12/2010,21:00,5,2,0,2,1
10/12/2010,21:15,5,1,1,2,1
10/12/2010,21:30,3,0,0,3,0
10/12/2010,21:45,6,1,1,0,4
10/12/2010,22:00,7,3,2,2,0
10/12/2010,22:15,6,1,0,5,0
10/12/2010,22:30,12,2,0,2,8
10/12/2010,22:45,5,0,0,3,2
10/12/2010,23:00,5,0,0,2,3
10/12/2010,23:15,7,0,0,5,2
10/12/2010,23:30,10,0,0,7,3
10/12/2010,23:45,13,0,0,7,6
11/12/2010,00:00,8,1,0,2,5
11/12/2010,00:15,15,1,0,9,5
11/12/2010,00:30,7,0,0,2,5
11/12/2010,00:45,5,0,1,1,3
11/12/2010,01:00,3,0,0,1,2
11/12/2010,01:15,8,1,0,2,5
11/12/2010,01:30,1,0,0,1,0
11/12/2010,01:45,3,0,0,0,3
11/12/2010,02:00,3,0,0,1,2
11/12/2010,02:15,1,0,0,1,0
11/12/2010,02:30,3,0,0,1,2
11/12/2010,02:45,1,0,0,1,0
11/12/2010,03:00,1,0,1,0,0
11/12/2010,03:15,1,0,0,0,1
11/12/2010,03:30,2,0,2,0,0
11/12/2010,03:45,0,0,0,0,0
11/12/2010,04:00,0,0,0,0,0
11/12/2010,04:15,0,0,0,0,0
11/12/2010,04:30,0,0,0,0,0
11/12/2010,04:45,0,0,0,0,0
11/12/2010,05:00,0,0,0,0,0
11/12/2010,05:15,0,0,0,0,0
11/12/2010,05:30,1,1,0,0,0
11/12/2010,05:45,0,0,0,0,0
11/12/2010,06:00,0,0,0,0,0
11/12/2010,06:15,2,0,2,0,0
11/12/2010,06:30,3,1,2,0,0
11/12/2010,06:45,0,0,0,0,0
11/12/2010,07:00,0,0,0,0,0
11/12/2010,07:15,2,1,1,0,0
11/12/2010,07:30,3,0,3,0,0
11/12/2010,07:45,2,1,1,0,0
11/12/2010,08:00,2,1,1,0,0
11/12/2010,08:15,1,1,0,0,0
11/12/2010,08:30,2,0,2,0,0
11/12/2010,08:45,2,1,1,0,0
11/12/2010,09:00,1,1,0,0,0
11/12/2010,09:15,4,3,1,0,0
11/12/2010,09:30,0,0,0,0,0
11/12/2010,09:45,0,0,0,0,0
11/12/2010,10:00,2,1,1,0,0
11/12/2010,10:15,0,0,0,0,0
11/12/2010,10:30,0,0,0,0,0
11/12/2010,10:45,0,0,0,0,0
11/12/2010,11:00,0,0,0,0,0
11/12/2010,11:15,0,0,0,0,0
11/12/2010,11:30,0,0,0,0,0
11/12/2010,11:45,0,0,0,0,0
11/12/2010,12:00,0,0,0,0,0
11/12/2010,12:15,0,0,0,0,0
11/12/2010,12:30,0,0,0,0,0
11/12/2010,12:45,2,0,0,2,0
11/12/2010,13:00,0,0,0,0,0
11/12/2010,13:15,1,0,0,1,0
11/12/2010,13:30,2,0,0,1,1
11/12/2010,13:45,0,0,0,0,0
11/12/2010,14:00,1,0,0,1,0
11/12/2010,14:15,2,0,0,0,2
11/12/2010,14:30,1,0,0,1,0
11/12/2010,14:45,2,0,0,0,2
11/12/2010,15:00,2,0,0,2,0
11/12/2010,15:15,2,0,0,1,1
11/12/2010,15:30,2,0,0,1,1
11/12/2010,15:45,2,0,0,0,2
11/12/2010,16:00,2,0,0,1,1
11/12/2010,16:15,4,0,0,4,0
11/12/2010,16:30,8,0,0,4,4
11/12/2010,16:45,4,0,0,2,2
11/12/2010,17:00,8,0,0,5,3
11/12/2010,17:15,7,0,0,4,3
11/12/2010,17:30,8,0,0,3,5
11/12/2010,17:45,11,0,0,7,4
11/12/2010,18:00,4,0,0,3,1
11/12/2010,18:15,9,0,0,6,3
11/12/2010,18:30,11,0,0,7,4
11/12/2010,18:45,8,0,0,3,5
11/12/2010,19:00,8,0,0,8,0
11/12/2010,19:15,7,0,0,4,3
11/12/2010,19:30,13,0,0,9,4
11/12/2010,19:45,15,0,0,7,8
11/12/2010,20:00,18,1,0,10,7
11/12/2010,20:15,12,0,0,10,2
11/12/2010,20:30,9,0,1,8,0
11/12/2010,20:45,16,2,0,6,8
11/12/2010,21:00,17,2,0,11,4
11/12/2010,21:15,15,2,1,11,1
11/12/2010,21:30,15,0,1,12,2
11/12/2010,21:45,9,2,0,5,2
11/12/2010,22:00,7,0,0,3,4
11/12/2010,22:15,4,0,0,1,3
11/12/2010,22:30,13,4,1,7,1
11/12/2010,22:45,5,3,0,1,1
11/12/2010,23:00,2,1,0,0,1
11/12/2010,23:15,0,0,0,0,0
11/12/2010,23:30,5,1,0,3,1
11/12/2010,23:45,0,0,0,0,0
12/12/2010,00:00,4,2,0,2,0
12/12/2010,00:15,2,1,1,0,0
12/12/2010,00:30,1,1,0,0,0
12/12/2010,00:45,1,1,0,0,0
12/12/2010,01:00,1,1,0,0,0
12/12/2010,01:15,0,0,0,0,0
12/12/2010,01:30,3,2,0,1,0
12/12/2010,01:45,0,0,0,0,0
12/12/2010,02:00,1,0,1,0,0
12/12/2010,02:15,1,0,1,0,0
12/12/2010,02:30,1,1,0,0,0
12/12/2010,02:45,0,0,0,0,0
12/12/2010,03:00,2,1,0,0,1
12/12/2010,03:15,1,0,0,0,1
12/12/2010,03:30,0,0,0,0,0
12/12/2010,03:45,1,0,1,0,0
12/12/2010,04:00,1,1,0,0,0
12/12/2010,04:15,0,0,0,0,0
12/12/2010,04:30,1,0,1,0,0
12/12/2010,04:45,3,2,0,1,0
12/12/2010,05:00,1,1,0,0,0
12/12/2010,05:15,0,0,0,0,0
12/12/2010,05:30,0,0,0,0,0
12/12/2010,05:45,2,1,1,0,0
12/12/2010,06:00,0,0,0,0,0
12/12/2010,06:15,5,4,1,0,0
12/12/2010,06:30,7,3,4,0,0
12/12/2010,06:45,2,2,0,0,0
12/12/2010,07:00,4,4,0,0,0
12/12/2010,07:15,4,3,1,0,0
12/12/2010,07:30,0,0,0,0,0
12/12/2010,07:45,1,1,0,0,0
12/12/2010,08:00,6,3,3,0,0
12/12/2010,08:15,0,0,0,0,0
12/12/2010,08:30,1,1,0,0,0
12/12/2010,08:45,2,1,1,0,0
12/12/2010,09:00,2,2,0,0,0
12/12/2010,09:15,0,0,0,0,0
12/12/2010,09:30,2,1,1,0,0
12/12/2010,09:45,0,0,0,0,0
12/12/2010,10:00,2,0,1,0,1
12/12/2010,10:15,0,0,0,0,0
12/12/2010,10:30,0,0,0,0,0
12/12/2010,10:45,0,0,0,0,0
12/12/2010,11:00,0,0,0,0,0
12/12/2010,11:15,0,0,0,0,0
12/12/2010,11:30,0,0,0,0,0
12/12/2010,11:45,0,0,0,0,0
12/12/2010,12:00,1,1,0,0,0
12/12/2010,12:15,0,0,0,0,0
12/12/2010,12:30,0,0,0,0,0
12/12/2010,12:45,0,0,0,0,0
12/12/2010,13:00,0,0,0,0,0
12/12/2010,13:15,0,0,0,0,0
12/12/2010,13:30,0,0,0,0,0
12/12/2010,13:45,0,0,0,0,0
12/12/2010,14:00,0,0,0,0,0
12/12/2010,14:15,0,0,0,0,0
12/12/2010,14:30,0,0,0,0,0
12/12/2010,14:45,0,0,0,0,0
12/12/2010,15:00,0,0,0,0,0
12/12/2010,15:15,0,0,0,0,0
12/12/2010,15:30,2,0,0,1,1
12/12/2010,15:45,0,0,0,0,0
12/12/2010,16:00,1,0,0,1,0
12/12/2010,16:15,0,0,0,0,0
12/12/2010,16:30,0,0,0,0,0
12/12/2010,16:45,1,0,0,1,0
12/12/2010,17:00,2,0,0,0,2
12/12/2010,17:15,1,0,0,0,1
12/12/2010,17:30,1,0,0,0,1
12/12/2010,17:45,2,0,0,1,1
12/12/2010,18:00,2,0,0,2,0
12/12/2010,18:15,2,0,0,0,2
12/12/2010,18:30,1,0,0,1,0
12/12/2010,18:45,2,0,0,1,1
12/12/2010,19:00,0,0,0,0,0
12/12/2010,19:15,0,0,0,0,0
12/12/2010,19:30,0,0,0,0,0
12/12/2010,19:45,0,0,0,0,0
12/12/2010,20:00,0,0,0,0,0
12/12/2010,20:15,2,2,0,0,0
12/12/2010,20:30,1,0,1,0,0
12/12/2010,20:45,1,1,0,0,0
12/12/2010,21:00,1,1,0,0,0
12/12/2010,21:15,1,1,0,0,0
12/12/2010,21:30,0,0,0,0,0
12/12/2010,21:45,1,1,0,0,0
12/12/2010,22:00,4,3,1,0,0
12/12/2010,22:15,1,1,0,0,0
12/12/2010,22:30,6,5,1,0,0
12/12/2010,22:45,3,2,1,0,0
12/12/2010,23:00,0,0,0,0,0
12/12/2010,23:15,0,0,0,0,0
12/12/2010,23:30,2,1,1,0,0
12/12/2010,23:45,0,0,0,0,0
13/12/2010,00:00,1,1,0,0,0
13/12/2010,00:15,1,1,0,0,0
13/12/2010,00:30,0,0,0,0,0
13/12/2010,00:45,1,1,0,0,0
13/12/2010,01:00,0,0,0,0,0
13/12/2010,01:15,0,0,0,0,0
13/12/2010,01:30,2,1,0,0,1
13/12/2010,01:45,1,1,0,0,0
13/12/2010,02:00,2,2,0,0,0
13/12/2010,02:15,0,0,0,0,0
13/12/2010,02:30,1,0,1,0,0
13/12/2010,02:45,0,0,0,0,0
13/12/2010,03:00,0,0,0,0,0
13/12/2010,03:15,0,0,0,0,0
13/12/2010,03:30,2,1,1,0,0
13/12/2010,03:45,1,0,1,0,0
13/12/2010,04:00,1,1,0,0,0
13/12/2010,04:15,4,2,2,0,0
13/12/2010,04:30,1,1,0,0,0
13/12/2010,04:45,1,1,0,0,0
13/12/2010,05:00,0,0,0,0,0
13/12/2010,05:15,3,2,1,0,0
13/12/2010,05:30,3,1,2,0,0
13/12/2010,05:45,2,1,1,0,0
13/12/2010,06:00,2,0,2,0,0
13/12/2010,06:15,3,1,1,0,1
13/12/2010,06:30,6,1,5,0,0
13/12/2010,06:45,3,2,1,0,0
13/12/2010,07:00,3,1,2,0,0
13/12/2010,07:15,2,1,1,0,0
13/12/2010,07:30,1,1,0,0,0
13/12/2010,07:45,1,0,1,0,0
13/12/2010,08:00,1,1,0,0,0
13/12/2010,08:15,0,0,0,0,0
13/12/2010,08:30,1,0,1,0,0
13/12/2010,08:45,1,1,0,0,0
13/12/2010,09:00,0,0,0,0,0
13/12/2010,09:15,0,0,0,0,0
13/12/2010,09:30,0,0,0,0,0
13/12/2010,09:45,0,0,0,0,0
13/12/2010,10:00,0,0,0,0,0
13/12/2010,10:15,0,0,0,0,0
13/12/2010,10:30,1,0,1,0,0
13/12/2010,10:45,0,0,0,0,0
13/12/2010,11:00,0,0,0,0,0
13/12/2010,11:15,1,0,0,1,0
13/12/2010,11:30,1,0,1,0,0
13/12/2010,11:45,0,0,0,0,0
13/12/2010,12:00,0,0,0,0,0
13/12/2010,12:15,6,0,0,5,1
13/12/2010,12:30,4,0,0,1,3
13/12/2010,12:45,2,0,0,2,0
13/12/2010,13:00,6,0,0,6,0
13/12/2010,13:15,2,0,0,2,0
13/12/2010,13:30,8,0,0,6,2
13/12/2010,13:45,7,0,0,4,3
13/12/2010,14:00,7,0,0,6,1
13/12/2010,14:15,3,0,0,3,0
13/12/2010,14:30,4,0,0,4,0
13/12/2010,14:45,4,0,0,2,2
13/12/2010,15:00,3,0,0,3,0
13/12/2010,15:15,2,0,0,1,1
13/12/2010,15:30,0,0,0,0,0
13/12/2010,15:45,2,0,0,2,0
13/12/2010,16:00,0,0,0,0,0
13/12/2010,16:15,1,0,0,1,0
13/12/2010,16:30,1,0,0,0,1
13/12/2010,16:45,0,0,0,0,0
13/12/2010,17:00,1,0,0,1,0
13/12/2010,17:15,0,0,0,0,0
13/12/2010,17:30,0,0,0,0,0
13/12/2010,17:45,0,0,0,0,0
13/12/2010,18:00,0,0,0,0,0
13/12/2010,18:15,2,0,0,2,0
13/12/2010,18:30,0,0,0,0,0
13/12/2010,18:45,0,0,0,0,0
13/12/2010,19:00,1,0,0,0,1
13/12/2010,19:15,1,0,0,0,1
13/12/2010,19:30,0,0,0,0,0
13/12/2010,19:45,0,0,0,0,0
13/12/2010,20:00,2,0,0,2,0
13/12/2010,20:15,0,0,0,0,0
13/12/2010,20:30,1,0,0,1,0
13/12/2010,20:45,2,1,0,0,1
13/12/2010,21:00,2,1,0,0,1
13/12/2010,21:15,3,0,0,1,2
13/12/2010,21:30,3,0,0,1,2
13/12/2010,21:45,1,1,0,0,0
13/12/2010,22:00,1,0,0,1,0
13/12/2010,22:15,2,1,0,0,1
13/12/2010,22:30,5,1,0,3,1
13/12/2010,22:45,7,0,1,2,4
13/12/2010,23:00,5,1,1,1,2
13/12/2010,23:15,5,1,1,1,2
13/12/2010,23:30,6,2,0,2,2
13/12/2010,23:45,7,1,0,2,4
14/12/2010,00:00,8,0,0,2,6
14/12/2010,00:15,9,1,0,4,4
14/12/2010,00:30,6,1,0,1,4
14/12/2010,00:45,4,0,0,0,4
14/12/2010,01:00,4,1,2,0,1
14/12/2010,01:15,1,0,0,0,1
14/12/2010,01:30,2,0,0,1,1
14/12/2010,01:45,2,0,0,1,1
14/12/2010,02:00,1,0,0,0,1
14/12/2010,02:15,1,0,1,0,0
14/12/2010,02:30,1,1,0,0,0
14/12/2010,02:45,2,1,0,1,0
14/12/2010,03:00,2,1,0,0,1
14/12/2010,03:15,3,1,2,0,0
14/12/2010,03:30,3,2,1,0,0
14/12/2010,03:45,6,4,2,0,0
14/12/2010,04:00,3,2,1,0,0
14/12/2010,04:15,2,1,1,0,0
14/12/2010,04:30,5,3,2,0,0
14/12/2010,04:45,4,3,1,0,0
14/12/2010,05:00,3,2,1,0,0
14/12/2010,05:15,2,1,0,1,0
14/12/2010,05:30,3,1,2,0,0
14/12/2010,05:45,3,2,1,0,0
14/12/2010,06:00,3,2,1,0,0
14/12/2010,06:15,4,1,1,0,2
14/12/2010,06:30,0,0,0,0,0
14/12/2010,06:45,1,0,1,0,0
14/12/2010,07:00,1,0,1,0,0
14/12/2010,07:15,0,0,0,0,0
14/12/2010,07:30,0,0,0,0,0
14/12/2010,07:45,1,0,1,0,0
14/12/2010,08:00,0,0,0,0,0
14/12/2010,08:15,0,0,0,0,0
14/12/2010,08:30,0,0,0,0,0
14/12/2010,08:45,0,0,0,0,0
14/12/2010,09:00,0,0,0,0,0
14/12/2010,09:15,0,0,0,0,0
14/12/2010,09:30,0,0,0,0,0
14/12/2010,09:45,0,0,0,0,0
14/12/2010,10:00,0,0,0,0,0
14/12/2010,10:15,0,0,0,0,0
14/12/2010,10:30,0,0,0,0,0
14/12/2010,10:45,0,0,0,0,0
14/12/2010,11:00,0,0,0,0,0
14/12/2010,11:15,1,0,0,1,0
14/12/2010,11:30,0,0,0,0,0
14/12/2010,11:45,2,0,0,1,1
14/12/2010,12:00,1,0,0,1,0
14/12/2010,12:15,3,0,0,3,0
14/12/2010,12:30,1,0,0,1,0
14/12/2010,12:45,4,0,0,4,0
14/12/2010,13:00,3,0,0,3,0
14/12/2010,13:15,3,0,0,3,0
14/12/2010,13:30,5,0,0,4,1
14/12/2010,13:45,8,0,0,7,1
14/12/2010,14:00,6,0,0,5,1
14/12/2010,14:15,7,0,0,5,2
14/12/2010,14:30,7,0,0,7,0
14/12/2010,14:45,3,0,0,2,1
14/12/2010,15:00,3,0,0,3,0
14/12/2010,15:15,2,0,0,2,0
14/12/2010,15:30,2,0,0,2,0
14/12/2010,15:45,0,0,0,0,0
14/12/2010,16:00,0,0,0,0,0
14/12/2010,16:15,1,0,0,0,1
14/12/2010,16:30,0,0,0,0,0
14/12/2010,16:45,1,0,0,1,0
14/12/2010,17:00,1,0,0,1,0
14/12/2010,17:15,0,0,0,0,0
14/12/2010,17:30,1,0,0,0,1
14/12/2010,17:45,1,0,0,0,1
14/12/2010,18:00,0,0,0,0,0
14/12/2010,18:15,3,0,0,2,1
14/12/2010,18:30,2,0,0,2,0
14/12/2010,18:45,0,0,0,0,0
14/12/2010,19:00,0,0,0,0,0
14/12/2010,19:15,0,0,0,0,0
14/12/2010,19:30,0,0,0,0,0
14/12/2010,19:45,0,0,0,0,0
14/12/2010,20:00,0,0,0,0,0
14/12/2010,20:15,0,0,0,0,0
14/12/2010,20:30,1,0,0,1,0
14/12/2010,20:45,0,0,0,0,0
14/12/2010,21:00,0,0,0,0,0
14/12/2010,21:15,0,0,0,0,0
14/12/2010,21:30,1,0,0,0,1
14/12/2010,21:45,0,0,0,0,0
14/12/2010,22:00,1,0,0,1,0
14/12/2010,22:15,4,0,0,2,2
14/12/2010,22:30,2,0,0,0,2
14/12/2010,22:45,4,0,0,2,2
14/12/2010,23:00,3,0,0,0,3
14/12/2010,23:15,4,0,0,1,3
14/12/2010,23:30,5,1,0,2,2
14/12/2010,23:45,3,0,0,1,2
15/12/2010,00:00,5,0,0,1,4
15/12/2010,00:15,5,0,0,1,4
15/12/2010,00:30,4,0,0,2,2
15/12/2010,00:45,4,0,0,2,2
15/12/2010,01:00,7,0,0,3,4
15/12/2010,01:15,1,0,0,0,1
15/12/2010,01:30,4,0,0,3,1
15/12/2010,01:45,4,0,1,1,2
15/12/2010,02:00,4,2,0,0,2
15/12/2010,02:15,0,0,0,0,0
15/12/2010,02:30,0,0,0,0,0
15/12/2010,02:45,1,1,0,0,0
15/12/2010,03:00,3,1,2,0,0
15/12/2010,03:15,1,1,0,0,0
15/12/2010,03:30,3,1,0,1,1
15/12/2010,03:45,2,1,1,0,0
15/12/2010,04:00,3,1,1,1,0
15/12/2010,04:15,2,2,0,0,0
15/12/2010,04:30,4,4,0,0,0
15/12/2010,04:45,1,0,0,0,1
15/12/2010,05:00,1,0,1,0,0
15/12/2010,05:15,2,2,0,0,0
15/12/2010,05:30,1,0,1,0,0
15/12/2010,05:45,1,1,0,0,0
15/12/2010,06:00,1,1,0,0,0
15/12/2010,06:15,1,0,1,0,0
15/12/2010,06:30,0,0,0,0,0
15/12/2010,06:45,1,1,0,0,0
15/12/2010,07:00,0,0,0,0,0
15/12/2010,07:15,0,0,0,0,0
15/12/2010,07:30,0,0,0,0,0
15/12/2010,07:45,1,1,0,0,0
15/12/2010,08:00,0,0,0,0,0
15/12/2010,08:15,0,0,0,0,0
15/12/2010,08:30,0,0,0,0,0
15/12/2010,08:45,0,0,0,0,0
15/12/2010,09:00,0,0,0,0,0
15/12/2010,09:15,0,0,0,0,0
15/12/2010,09:30,0,0,0,0,0
15/12/2010,09:45,0,0,0,0,0
15/12/2010,10:00,0,0,0,0,0
15/12/2010,10:15,0,0,0,0,0
15/12/2010,10:30,0,0,0,0,0
15/12/2010,10:45,0,0,0,0,0
15/12/2010,11:00,0,0,0,0,0
15/12/2010,11:15,1,0,0,1,0
15/12/2010,11:30,0,0,0,0,0
15/12/2010,11:45,2,0,0,2,0
15/12/2010,12:00,0,0,0,0,0
15/12/2010,12:15,2,0,0,2,0
15/12/2010,12:30,4,0,0,3,1
15/12/2010,12:45,2,0,0,1,1
15/12/2010,13:00,3,0,0,3,0
15/12/2010,13:15,3,0,0,3,0
15/12/2010,13:30,5,0,0,4,1
15/12/2010,13:45,4,0,0,3,1
15/12/2010,14:00,5,0,0,4,1
15/12/2010,14:15,5,0,0,5,0
15/12/2010,14:30,12,1,0,10,1
15/12/2010,14:45,5,0,0,5,0
15/12/2010,15:00,2,0,0,2,0
15/12/2010,15:15,0,0,0,0,0
15/12/2010,15:30,0,0,0,0,0
15/12/2010,15:45,0,0,0,0,0
15/12/2010,16:00,1,0,0,1,0
15/12/2010,16:15,1,0,0,1,0
15/12/2010,16:30,1,0,0,1,0
15/12/2010,16:45,0,0,0,0,0
15/12/2010,17:00,0,0,0,0,0
15/12/2010,17:15,0,0,0,0,0
15/12/2010,17:30,1,0,0,1,0
15/12/2010,17:45,3,0,0,2,1
15/12/2010,18:00,0,0,0,0,0
15/12/2010,18:15,3,0,0,3,0
15/12/2010,18:30,1,0,0,1,0
15/12/2010,18:45,1,0,0,0,1
15/12/2010,19:00,0,0,0,0,0
15/12/2010,19:15,2,0,0,1,1
15/12/2010,19:30,3,0,0,3,0
15/12/2010,19:45,0,0,0,0,0
15/12/2010,20:00,1,0,0,1,0
15/12/2010,20:15,1,0,0,0,1
15/12/2010,20:30,0,0,0,0,0
15/12/2010,20:45,1,0,0,1,0
15/12/2010,21:00,2,0,0,1,1
15/12/2010,21:15,1,0,0,1,0
15/12/2010,21:30,0,0,0,0,0
15/12/2010,21:45,3,1,0,0,2
15/12/2010,22:00,1,0,1,0,0
15/12/2010,22:15,6,0,0,0,6
15/12/2010,22:30,5,0,1,3,1
15/12/2010,22:45,5,0,1,3,1
15/12/2010,23:00,3,0,0,0,3
15/12/2010,23:15,0,0,0,0,0
15/12/2010,23:30,0,0,0,0,0
15/12/2010,23:45,1,0,0,1,0
16/12/2010,00:00,0,0,0,0,0
16/12/2010,00:15,0,0,0,0,0
16/12/2010,00:30,2,0,1,1,0
16/12/2010,00:45,0,0,0,0,0
16/12/2010,01:00,0,0,0,0,0
16/12/2010,01:15,0,0,0,0,0
16/12/2010,01:30,0,0,0,0,0
16/12/2010,01:45,0,0,0,0,0
16/12/2010,02:00,0,0,0,0,0
16/12/2010,02:15,0,0,0,0,0
16/12/2010,02:30,0,0,0,0,0
16/12/2010,02:45,0,0,0,0,0
16/12/2010,03:00,0,0,0,0,0
16/12/2010,03:15,0,0,0,0,0
16/12/2010,03:30,0,0,0,0,0
16/12/2010,03:45,0,0,0,0,0
16/12/2010,04:00,0,0,0,0,0
16/12/2010,04:15,0,0,0,0,0
16/12/2010,04:30,0,0,0,0,0
16/12/2010,04:45,0,0,0,0,0
16/12/2010,05:00,0,0,0,0,0
16/12/2010,05:15,0,0,0,0,0
16/12/2010,05:30,0,0,0,0,0
16/12/2010,05:45,4,1,0,2,1
16/12/2010,06:00,8,3,2,3,0
16/12/2010,06:15,9,1,3,5,0
16/12/2010,06:30,8,4,0,4,0
16/12/2010,06:45,3,0,0,2,1
16/12/2010,07:00,7,3,0,2,2
16/12/2010,07:15,5,4,0,1,0
16/12/2010,07:30,9,4,0,3,2
16/12/2010,07:45,6,3,0,3,0
16/12/2010,08:00,5,3,0,2,0
16/12/2010,08:15,9,1,0,7,1
16/12/2010,08:30,10,5,0,5,0
16/12/2010,08:45,6,1,0,5,0
16/12/2010,09:00,5,0,0,4,1
16/12/2010,09:15,4,3,0,1,0
16/12/2010,09:30,5,2,2,1,0
16/12/2010,09:45,2,0,1,1,0
16/12/2010,10:00,3,1,0,2,0
16/12/2010,10:15,3,1,0,0,2
16/12/2010,10:30,1,0,1,0,0
16/12/2010,10:45,5,2,1,2,0
16/12/2010,11:00,6,4,1,1,0
16/12/2010,11:15,0,0,0,0,0
16/12/2010,11:30,0,0,0,0,0
16/12/2010,11:45,0,0,0,0,0
16/12/2010,12:00,0,0,0,0,0
16/12/2010,12:15,1,0,1,0,0
16/12/2010,12:30,0,0,0,0,0
16/12/2010,12:45,1,1,0,0,0
16/12/2010,13:00,1,0,1,0,0
16/12/2010,13:15,0,0,0,0,0
16/12/2010,13:30,0,0,0,0,0
16/12/2010,13:45,0,0,0,0,0
16/12/2010,14:00,1,0,0,0,1
16/12/2010,14:15,1,0,0,0,1
16/12/2010,14:30,1,0,0,0,1
16/12/2010,14:45,1,0,1,0,0
16/12/2010,15:00,1,0,0,1,0
16/12/2010,15:15,2,0,2,0,0
16/12/2010,15:30,1,0,0,0,1
16/12/2010,15:45,1,0,0,1,0
16/12/2010,16:00,3,1,1,0,1
16/12/2010,16:15,3,2,1,0,0
16/12/2010,16:30,2,1,0,0,1
16/12/2010,16:45,0,0,0,0,0
16/12/2010,17:00,2,0,1,1,0
16/12/2010,17:15,4,0,1,2,1
16/12/2010,17:30,1,1,0,0,0
16/12/2010,17:45,5,1,2,0,2
16/12/2010,18:00,1,1,0,0,0
16/12/2010,18:15,2,0,1,1,0
16/12/2010,18:30,3,1,1,1,0
16/12/2010,18:45,1,0,0,1,0
16/12/2010,19:00,0,0,0,0,0
16/12/2010,19:15,3,0,1,2,0
16/12/2010,19:30,4,1,0,0,3
16/12/2010,19:45,3,1,0,1,1
16/12/2010,20:00,1,1,0,0,0
16/12/2010,20:15,3,2,1,0,0
16/12/2010,20:30,3,3,0,0,0
16/12/2010,20:45,1,1,0,0,0
16/12/2010,21:00,0,0,0,0,0
16/12/2010,21:15,0,0,0,0,0
16/12/2010,21:30,1,0,0,0,1
16/12/2010,21:45,1,1,0,0,0
16/12/2010,22:00,0,0,0,0,0
16/12/2010,22:15,2,0,0,2,0
16/12/2010,22:30,0,0,0,0,0
16/12/2010,22:45,0,0,0,0,0
16/12/2010,23:00,0,0,0,0,0
16/12/2010,23:15,0,0,0,0,0
16/12/2010,23:30,2,0,2,0,0
16/12/2010,23:45,0,0,0,0,0
17/12/2010,00:00,0,0,0,0,0
17/12/2010,00:15,3,0,2,0,1
17/12/2010,00:30,0,0,0,0,0
17/12/2010,00:45,0,0,0,0,0
17/12/2010,01:00,1,0,1,0,0
17/12/2010,01:15,0,0,0,0,0
17/12/2010,01:30,1,1,0,0,0
17/12/2010,01:45,0,0,0,0,0
17/12/2010,02:00,0,0,0,0,0
17/12/2010,02:15,0,0,0,0,0
17/12/2010,02:30,0,0,0,0,0
17/12/2010,02:45,0,0,0,0,0
17/12/2010,03:00,0,0,0,0,0
17/12/2010,03:15,0,0,0,0,0
17/12/2010,03:30,0,0,0,0,0
17/12/2010,03:45,0,0,0,0,0
17/12/2010,04:00,0,0,0,0,0
17/12/2010,04:15,0,0,0,0,0
17/12/2010,04:30,0,0,0,0,0
17/12/2010,04:45,0,0,0,0,0
17/12/2010,05:00,0,0,0,0,0
17/12/2010,05:15,0,0,0,0,0
17/12/2010,05:30,0,0,0,0,0
17/12/2010,05:45,0,0,0,0,0
17/12/2010,06:00,0,0,0,0,0
17/12/2010,06:15,1,0,0,1,0
17/12/2010,06:30,0,0,0,0,0
17/12/2010,06:45,1,1,0,0,0
17/12/2010,07:00,1,0,0,1,0
17/12/2010,07:15,2,1,0,0,1
17/12/2010,07:30,4,3,1,0,0
17/12/2010,07:45,6,5,0,1,0
17/12/2010,08:00,4,2,0,2,0
17/12/2010,08:15,1,1,0,0,0
17/12/2010,08:30,1,0,0,0,1
17/12/2010,08:45,4,3,0,1,0
17/12/2010,09:00,2,2,0,0,0
17/12/2010,09:15,2,1,1,0,0
17/12/2010,09:30,1,1,0,0,0
17/12/2010,09:45,0,0,0,0,0
17/12/2010,10:00,2,1,0,1,0
17/12/2010,10:15,0,0,0,0,0
17/12/2010,10:30,0,0,0,0,0
17/12/2010,10:45,0,0,0,0,0
17/12/2010,11:00,0,0,0,0,0
17/12/2010,11:15,1,1,0,0,0
17/12/2010,11:30,0,0,0,0,0
17/12/2010,11:45,0,0,0,0,0
17/12/2010,12:00,0,0,0,0,0
17/12/2010,12:15,2,2,0,0,0
17/12/2010,12:30,1,1,0,0,0
17/12/2010,12:45,3,3,0,0,0
17/12/2010,13:00,2,1,1,0,0
17/12/2010,13:15,3,3,0,0,0
17/12/2010,13:30,3,2,1,0,0
17/12/2010,13:45,4,3,1,0,0
17/12/2010,14:00,0,0,0,0,0
17/12/2010,14:15,3,2,0,1,0
17/12/2010,14:30,2,1,0,1,0
17/12/2010,14:45,1,0,1,0,0
17/12/2010,15:00,4,3,0,1,0
17/12/2010,15:15,0,0,0,0,0
17/12/2010,15:30,5,3,2,0,0
17/12/2010,15:45,1,1,0,0,0
17/12/2010,16:00,1,1,0,0,0
17/12/2010,16:15,6,3,3,0,0
17/12/2010,16:30,5,2,2,0,1
17/12/2010,16:45,7,5,2,0,0
17/12/2010,17:00,6,4,1,1,0
17/12/2010,17:15,3,1,2,0,0
17/12/2010,17:30,2,1,0,0,1
17/12/2010,17:45,4,1,1,0,2
17/12/2010,18:00,1,1,0,0,0
17/12/2010,18:15,2,0,2,0,0
17/12/2010,18:30,1,1,0,0,0
17/12/2010,18:45,0,0,0,0,0
17/12/2010,19:00,2,0,0,2,0
17/12/2010,19:15,2,0,0,0,2
17/12/2010,19:30,1,0,1,0,0
17/12/2010,19:45,1,0,0,0,1
17/12/2010,20:00,1,0,1,0,0
17/12/2010,20:15,0,0,0,0,0
17/12/2010,20:30,0,0,0,0,0
17/12/2010,20:45,0,0,0,0,0
17/12/2010,21:00,1,0,1,0,0
17/12/2010,21:15,0,0,0,0,0
17/12/2010,21:30,1,1,0,0,0
17/12/2010,21:45,0,0,0,0,0
17/12/2010,22:00,1,1,0,0,0
17/12/2010,22:15,0,0,0,0,0
17/12/2010,22:30,0,0,0,0,0
17/12/2010,22:45,0,0,0,0,0
17/12/2010,23:00,0,0,0,0,0
17/12/2010,23:15,0,0,0,0,0
17/12/2010,23:30,2,0,2,0,0
17/12/2010,23:45,0,0,0,0,0
18/12/2010,00:00,0,0,0,0,0
18/12/2010,00:15,0,0,0,0,0
18/12/2010,00:30,0,0,0,0,0
18/12/2010,00:45,0,0,0,0,0
18/12/2010,01:00,0,0,0,0,0
18/12/2010,01:15,0,0,0,0,0
18/12/2010,01:30,0,0,0,0,0
18/12/2010,01:45,1,1,0,0,0
18/12/2010,02:00,0,0,0,0,0
18/12/2010,02:15,0,0,0,0,0
18/12/2010,02:30,0,0,0,0,0
18/12/2010,02:45,0,0,0,0,0
18/12/2010,03:00,0,0,0,0,0
18/12/2010,03:15,0,0,0,0,0
18/12/2010,03:30,1,0,1,0,0
18/12/2010,03:45,0,0,0,0,0
18/12/2010,04:00,0,0,0,0,0
18/12/2010,04:15,0,0,0,0,0
18/12/2010,04:30,0,0,0,0,0
18/12/2010,04:45,0,0,0,0,0
18/12/2010,05:00,0,0,0,0,0
18/12/2010,05:15,0,0,0,0,0
18/12/2010,05:30,0,0,0,0,0
18/12/2010,05:45,0,0,0,0,0
18/12/2010,06:00,1,1,0,0,0
18/12/2010,06:15,1,0,0,1,0
18/12/2010,06:30,1,1,0,0,0
18/12/2010,06:45,1,1,0,0,0
18/12/2010,07:00,0,0,0,0,0
18/12/2010,07:15,0,0,0,0,0
18/12/2010,07:30,2,0,1,1,0
18/12/2010,07:45,2,1,1,0,0
18/12/2010,08:00,3,0,2,0,1
18/12/2010,08:15,3,1,2,0,0
18/12/2010,08:30,7,5,2,0,0
18/12/2010,08:45,5,3,2,0,0
18/12/2010,09:00,1,0,1,0,0
18/12/2010,09:15,4,1,3,0,0
18/12/2010,09:30,4,3,0,1,0
18/12/2010,09:45,6,3,3,0,0
18/12/2010,10:00,3,1,2,0,0
18/12/2010,10:15,5,2,3,0,0
18/12/2010,10:30,5,3,2,0,0
18/12/2010,10:45,5,3,2,0,0
18/12/2010,11:00,5,3,2,0,0
18/12/2010,11:15,6,4,1,1,0
18/12/2010,11:30,4,2,2,0,0
18/12/2010,11:45,4,2,2,0,0
18/12/2010,12:00,5,5,0,0,0
18/12/2010,12:15,6,6,0,0,0
18/12/2010,12:30,5,3,2,0,0
18/12/2010,12:45,7,3,2,0,2
18/12/2010,13:00,1,1,0,0,0
18/12/2010,13:15,3,2,1,0,0
18/12/2010,13:30,4,2,2,0,0
18/12/2010,13:45,3,3,0,0,0
18/12/2010,14:00,3,2,1,0,0
18/12/2010,14:15,7,3,3,1,0
18/12/2010,14:30,4,3,1,0,0
18/12/2010,14:45,11,6,3,0,2
18/12/2010,15:00,6,3,3,0,0
18/12/2010,15:15,6,0,5,0,1
18/12/2010,15:30,4,3,0,1,0
18/12/2010,15:45,2,2,0,0,0
18/12/2010,16:00,3,3,0,0,0
18/12/2010,16:15,2,0,2,0,0
18/12/2010,16:30,5,2,2,0,1
18/12/2010,16:45,4,1,1,0,2
18/12/2010,17:00,3,3,0,0,0
18/12/2010,17:15,0,0,0,0,0
18/12/2010,17:30,3,3,0,0,0
18/12/2010,17:45,6,4,1,1,0
18/12/2010,18:00,1,1,0,0,0
18/12/2010,18:15,1,1,0,0,0
18/12/2010,18:30,3,2,1,0,0
18/12/2010,18:45,1,0,0,1,0
18/12/2010,19:00,0,0,0,0,0
18/12/2010,19:15,0,0,0,0,0
18/12/2010,19:30,0,0,0,0,0
18/12/2010,19:45,0,0,0,0,0
18/12/2010,20:00,2,1,1,0,0
18/12/2010,20:15,0,0,0,0,0
18/12/2010,20:30,0,0,0,0,0
18/12/2010,20:45,2,1,1,0,0
18/12/2010,21:00,1,0,1,0,0
18/12/2010,21:15,0,0,0,0,0
18/12/2010,21:30,1,0,1,0,0
18/12/2010,21:45,0,0,0,0,0
18/12/2010,22:00,0,0,0,0,0
18/12/2010,22:15,2,2,0,0,0
18/12/2010,22:30,0,0,0,0,0
18/12/2010,22:45,0,0,0,0,0
18/12/2010,23:00,1,1,0,0,0
18/12/2010,23:15,0,0,0,0,0
18/12/2010,23:30,0,0,0,0,0
18/12/2010,23:45,0,0,0,0,0
19/12/2010,00:00,1,1,0,0,0
19/12/2010,00:15,0,0,0,0,0
19/12/2010,00:30,0,0,0,0,0
19/12/2010,00:45,2,0,0,2,0
19/12/2010,01:00,0,0,0,0,0
19/12/2010,01:15,0,0,0,0,0
19/12/2010,01:30,0,0,0,0,0
19/12/2010,01:45,0,0,0,0,0
19/12/2010,02:00,0,0,0,0,0
19/12/2010,02:15,0,0,0,0,0
19/12/2010,02:30,1,1,0,0,0
19/12/2010,02:45,0,0,0,0,0
19/12/2010,03:00,0,0,0,0,0
19/12/2010,03:15,0,0,0,0,0
19/12/2010,03:30,0,0,0,0,0
19/12/2010,03:45,0,0,0,0,0
19/12/2010,04:00,0,0,0,0,0
19/12/2010,04:15,0,0,0,0,0
19/12/2010,04:30,0,0,0,0,0
19/12/2010,04:45,0,0,0,0,0
19/12/2010,05:00,0,0,0,0,0
19/12/2010,05:15,0,0,0,0,0
19/12/2010,05:30,0,0,0,0,0
19/12/2010,05:45,0,0,0,0,0
19/12/2010,06:00,0,0,0,0,0
19/12/2010,06:15,0,0,0,0,0
19/12/2010,06:30,0,0,0,0,0
19/12/2010,06:45,0,0,0,0,0
19/12/2010,07:00,2,1,1,0,0
19/12/2010,07:15,2,2,0,0,0
19/12/2010,07:30,2,2,0,0,0
19/12/2010,07:45,1,1,0,0,0
19/12/2010,08:00,3,1,2,0,0
19/12/2010,08:15,2,2,0,0,0
19/12/2010,08:30,1,1,0,0,0
19/12/2010,08:45,7,7,0,0,0
19/12/2010,09:00,2,2,0,0,0
19/12/2010,09:15,3,1,2,0,0
19/12/2010,09:30,4,2,2,0,0
19/12/2010,09:45,4,2,2,0,0
19/12/2010,10:00,8,6,2,0,0
19/12/2010,10:15,3,1,2,0,0
19/12/2010,10:30,5,3,2,0,0
19/12/2010,10:45,2,1,1,0,0
19/12/2010,11:00,5,5,0,0,0
19/12/2010,11:15,3,1,2,0,0
19/12/2010,11:30,9,5,3,1,0
19/12/2010,11:45,7,6,0,0,1
19/12/2010,12:00,4,2,2,0,0
19/12/2010,12:15,5,4,0,1,0
19/12/2010,12:30,7,6,1,0,0
19/12/2010,12:45,5,2,3,0,0
19/12/2010,13:00,2,1,1,0,0
19/12/2010,13:15,5,3,2,0,0
19/12/2010,13:30,5,5,0,0,0
19/12/2010,13:45,4,3,1,0,0
19/12/2010,14:00,2,0,2,0,0
19/12/2010,14:15,2,1,1,0,0
19/12/2010,14:30,3,2,0,0,1
19/12/2010,14:45,6,2,4,0,0
19/12/2010,15:00,6,0,2,3,1
19/12/2010,15:15,1,1,0,0,0
19/12/2010,15:30,4,4,0,0,0
19/12/2010,15:45,2,1,1,0,0
19/12/2010,16:00,6,2,2,1,1
19/12/2010,16:15,2,1,0,0,1
19/12/2010,16:30,6,6,0,0,0
19/12/2010,16:45,11,4,4,2,1
19/12/2010,17:00,3,3,0,0,0
19/12/2010,17:15,1,1,0,0,0
19/12/2010,17:30,1,0,1,0,0
19/12/2010,17:45,0,0,0,0,0
19/12/2010,18:00,3,1,2,0,0
19/12/2010,18:15,1,1,0,0,0
19/12/2010,18:30,0,0,0,0,0
19/12/2010,18:45,0,0,0,0,0
19/12/2010,19:00,0,0,0,0,0
19/12/2010,19:15,0,0,0,0,0
19/12/2010,19:30,0,0,0,0,0
19/12/2010,19:45,0,0,0,0,0
19/12/2010,20:00,0,0,0,0,0
19/12/2010,20:15,0,0,0,0,0
19/12/2010,20:30,0,0,0,0,0
19/12/2010,20:45,2,1,1,0,0
19/12/2010,21:00,1,1,0,0,0
19/12/2010,21:15,2,2,0,0,0
19/12/2010,21:30,0,0,0,0,0
19/12/2010,21:45,0,0,0,0,0
19/12/2010,22:00,0,0,0,0,0
19/12/2010,22:15,0,0,0,0,0
19/12/2010,22:30,0,0,0,0,0
19/12/2010,22:45,0,0,0,0,0
19/12/2010,23:00,0,0,0,0,0
19/12/2010,23:15,0,0,0,0,0
19/12/2010,23:30,0,0,0,0,0
19/12/2010,23:45,0,0,0,0,0
20/12/2010,00:00,0,0,0,0,0
20/12/2010,00:15,1,1,0,0,0
20/12/2010,00:30,0,0,0,0,0
20/12/2010,00:45,0,0,0,0,0
20/12/2010,01:00,0,0,0,0,0
20/12/2010,01:15,0,0,0,0,0
20/12/2010,01:30,0,0,0,0,0
20/12/2010,01:45,0,0,0,0,0
20/12/2010,02:00,0,0,0,0,0
20/12/2010,02:15,0,0,0,0,0
20/12/2010,02:30,0,0,0,0,0
20/12/2010,02:45,0,0,0,0,0
20/12/2010,03:00,0,0,0,0,0
20/12/2010,03:15,0,0,0,0,0
20/12/2010,03:30,0,0,0,0,0
20/12/2010,03:45,0,0,0,0,0
20/12/2010,04:00,0,0,0,0,0
20/12/2010,04:15,0,0,0,0,0
20/12/2010,04:30,0,0,0,0,0
20/12/2010,04:45,0,0,0,0,0
20/12/2010,05:00,0,0,0,0,0
20/12/2010,05:15,1,1,0,0,0
20/12/2010,05:30,2,1,0,1,0
20/12/2010,05:45,3,1,1,1,0
20/12/2010,06:00,2,1,1,0,0
20/12/2010,06:15,3,1,1,1,0
20/12/2010,06:30,3,3,0,0,0
20/12/2010,06:45,1,0,0,1,0
20/12/2010,07:00,4,3,0,1,0
20/12/2010,07:15,5,4,1,0,0
20/12/2010,07:30,3,2,0,1,0
20/12/2010,07:45,3,1,0,2,0
20/12/2010,08:00,6,5,0,0,1
20/12/2010,08:15,4,1,1,2,0
20/12/2010,08:30,7,3,1,3,0
20/12/2010,08:45,6,2,1,3,0
20/12/2010,09:00,2,1,0,1,0
20/12/2010,09:15,1,1,0,0,0
20/12/2010,09:30,1,0,1,0,0
20/12/2010,09:45,2,2,0,0,0
20/12/2010,10:00,2,2,0,0,0
20/12/2010,10:15,1,0,1,0,0
20/12/2010,10:30,2,1,1,0,0
20/12/2010,10:45,4,2,2,0,0
20/12/2010,11:00,0,0,0,0,0
20/12/2010,11:15,4,4,0,0,0
20/12/2010,11:30,1,1,0,0,0
20/12/2010,11:45,1,1,0,0,0
20/12/2010,12:00,2,2,0,0,0
20/12/2010,12:15,0,0,0,0,0
20/12/2010,12:30,0,0,0,0,0
20/12/2010,12:45,0,0,0,0,0
20/12/2010,13:00,1,1,0,0,0
20/12/2010,13:15,0,0,0,0,0
20/12/2010,13:30,0,0,0,0,0
20/12/2010,13:45,0,0,0,0,0
20/12/2010,14:00,2,1,1,0,0
20/12/2010,14:15,0,0,0,0,0
20/12/2010,14:30,2,0,2,0,0
20/12/2010,14:45,2,2,0,0,0
20/12/2010,15:00,1,0,1,0,0
20/12/2010,15:15,1,1,0,0,0
20/12/2010,15:30,1,1,0,0,0
20/12/2010,15:45,3,1,0,0,2
20/12/2010,16:00,0,0,0,0,0
20/12/2010,16:15,2,0,1,0,1
20/12/2010,16:30,5,1,2,1,1
20/12/2010,16:45,6,2,2,1,1
20/12/2010,17:00,3,2,0,0,1
20/12/2010,17:15,3,1,0,1,1
20/12/2010,17:30,12,4,6,2,0
20/12/2010,17:45,3,1,0,0,2
20/12/2010,18:00,2,1,0,1,0
20/12/2010,18:15,1,0,0,0,1
20/12/2010,18:30,1,0,1,0,0
20/12/2010,18:45,1,0,0,0,1
20/12/2010,19:00,4,1,0,0,3
20/12/2010,19:15,1,0,1,0,0
20/12/2010,19:30,1,0,0,0,1
20/12/2010,19:45,0,0,0,0,0
20/12/2010,20:00,3,1,0,2,0
20/12/2010,20:15,1,0,1,0,0
20/12/2010,20:30,2,1,1,0,0
20/12/2010,20:45,1,1,0,0,0
20/12/2010,21:00,0,0,0,0,0
20/12/2010,21:15,0,0,0,0,0
20/12/2010,21:30,0,0,0,0,0
20/12/2010,21:45,0,0,0,0,0
20/12/2010,22:00,1,1,0,0,0
20/12/2010,22:15,0,0,0,0,0
20/12/2010,22:30,0,0,0,0,0
20/12/2010,22:45,0,0,0,0,0
20/12/2010,23:00,0,0,0,0,0
20/12/2010,23:15,0,0,0,0,0
20/12/2010,23:30,1,0,1,0,0
20/12/2010,23:45,0,0,0,0,0
21/12/2010,00:00,0,0,0,0,0
21/12/2010,00:15,1,0,1,0,0
21/12/2010,00:30,0,0,0,0,0
21/12/2010,00:45,0,0,0,0,0
21/12/2010,01:00,1,0,1,0,0
21/12/2010,01:15,0,0,0,0,0
21/12/2010,01:30,0,0,0,0,0
21/12/2010,01:45,0,0,0,0,0
21/12/2010,02:00,0,0,0,0,0
21/12/2010,02:15,0,0,0,0,0
21/12/2010,02:30,0,0,0,0,0
21/12/2010,02:45,0,0,0,0,0
21/12/2010,03:00,0,0,0,0,0
21/12/2010,03:15,0,0,0,0,0
21/12/2010,03:30,0,0,0,0,0
21/12/2010,03:45,0,0,0,0,0
21/12/2010,04:00,0,0,0,0,0
21/12/2010,04:15,0,0,0,0,0
21/12/2010,04:30,0,0,0,0,0
21/12/2010,04:45,0,0,0,0,0
21/12/2010,05:00,0,0,0,0,0
21/12/2010,05:15,0,0,0,0,0
21/12/2010,05:30,2,1,1,0,0
21/12/2010,05:45,0,0,0,0,0
21/12/2010,06:00,7,1,4,2,0
21/12/2010,06:15,3,3,0,0,0
21/12/2010,06:30,3,2,1,0,0
21/12/2010,06:45,2,0,0,2,0
21/12/2010,07:00,6,3,1,2,0
21/12/2010,07:15,6,3,1,1,1
21/12/2010,07:30,4,3,1,0,0
21/12/2010,07:45,4,2,0,1,1
21/12/2010,08:00,12,7,0,3,2
21/12/2010,08:15,2,0,1,1,0
21/12/2010,08:30,7,5,0,2,0
21/12/2010,08:45,1,1,0,0,0
21/12/2010,09:00,2,1,1,0,0
21/12/2010,09:15,1,1,0,0,0
21/12/2010,09:30,0,0,0,0,0
21/12/2010,09:45,1,0,1,0,0
21/12/2010,10:00,1,0,0,1,0
21/12/2010,10:15,3,2,0,1,0
21/12/2010,10:30,0,0,0,0,0
21/12/2010,10:45,2,0,1,0,1
21/12/2010,11:00,5,4,1,0,0
21/12/2010,11:15,1,0,0,1,0
21/12/2010,11:30,0,0,0,0,0
21/12/2010,11:45,1,1,0,0,0
21/12/2010,12:00,0,0,0,0,0
21/12/2010,12:15,0,0,0,0,0
21/12/2010,12:30,1,1,0,0,0
21/12/2010,12:45,6,4,2,0,0
21/12/2010,13:00,1,0,0,0,1
21/12/2010,13:15,1,0,1,0,0
21/12/2010,13:30,2,0,0,0,2
21/12/2010,13:45,1,1,0,0,0
21/12/2010,14:00,2,1,1,0,0
21/12/2010,14:15,0,0,0,0,0
21/12/2010,14:30,0,0,0,0,0
21/12/2010,14:45,4,2,2,0,0
21/12/2010,15:00,1,0,1,0,0
21/12/2010,15:15,0,0,0,0,0
21/12/2010,15:30,1,0,0,1,0
21/12/2010,15:45,2,1,1,0,0
21/12/2010,16:00,3,2,1,0,0
21/12/2010,16:15,7,3,2,0,2
21/12/2010,16:30,6,2,1,1,2
21/12/2010,16:45,0,0,0,0,0
21/12/2010,17:00,2,0,2,0,0
21/12/2010,17:15,6,1,3,1,1
21/12/2010,17:30,4,1,0,0,3
21/12/2010,17:45,7,1,4,1,1
21/12/2010,18:00,3,0,1,1,1
21/12/2010,18:15,2,0,1,1,0
21/12/2010,18:30,2,0,0,0,2
21/12/2010,18:45,2,0,0,1,1
21/12/2010,19:00,3,2,0,1,0
21/12/2010,19:15,4,0,0,3,1
21/12/2010,19:30,0,0,0,0,0
21/12/2010,19:45,1,0,1,0,0
21/12/2010,20:00,4,2,0,1,1
21/12/2010,20:15,2,2,0,0,0
21/12/2010,20:30,0,0,0,0,0
21/12/2010,20:45,0,0,0,0,0
21/12/2010,21:00,0,0,0,0,0
21/12/2010,21:15,1,1,0,0,0
21/12/2010,21:30,2,0,2,0,0
21/12/2010,21:45,0,0,0,0,0
21/12/2010,22:00,0,0,0,0,0
21/12/2010,22:15,0,0,0,0,0
21/12/2010,22:30,0,0,0,0,0
21/12/2010,22:45,0,0,0,0,0
21/12/2010,23:00,5,3,2,0,0
21/12/2010,23:15,0,0,0,0,0
21/12/2010,23:30,0,0,0,0,0
21/12/2010,23:45,1,0,1,0,0
22/12/2010,00:00,0,0,0,0,0
22/12/2010,00:15,0,0,0,0,0
22/12/2010,00:30,0,0,0,0,0
22/12/2010,00:45,0,0,0,0,0
22/12/2010,01:00,0,0,0,0,0
22/12/2010,01:15,0,0,0,0,0
22/12/2010,01:30,0,0,0,0,0
22/12/2010,01:45,0,0,0,0,0
22/12/2010,02:00,0,0,0,0,0
22/12/2010,02:15,0,0,0,0,0
22/12/2010,02:30,0,0,0,0,0
22/12/2010,02:45,0,0,0,0,0
22/12/2010,03:00,0,0,0,0,0
22/12/2010,03:15,0,0,0,0,0
22/12/2010,03:30,0,0,0,0,0
22/12/2010,03:45,0,0,0,0,0
22/12/2010,04:00,0,0,0,0,0
22/12/2010,04:15,0,0,0,0,0
22/12/2010,04:30,0,0,0,0,0
22/12/2010,04:45,0,0,0,0,0
22/12/2010,05:00,0,0,0,0,0
22/12/2010,05:15,0,0,0,0,0
22/12/2010,05:30,0,0,0,0,0
22/12/2010,05:45,0,0,0,0,0
22/12/2010,06:00,1,1,0,0,0
22/12/2010,06:15,1,0,0,1,0
22/12/2010,06:30,2,1,1,0,0
22/12/2010,06:45,5,2,2,0,1
22/12/2010,07:00,5,2,1,2,0
22/12/2010,07:15,4,2,0,2,0
22/12/2010,07:30,11,5,3,2,1
22/12/2010,07:45,6,4,1,0,1
22/12/2010,08:00,5,3,0,2,0
22/12/2010,08:15,6,5,1,0,0
22/12/2010,08:30,1,1,0,0,0
22/12/2010,08:45,12,3,4,4,1
22/12/2010,09:00,4,1,0,3,0
22/12/2010,09:15,4,3,0,1,0
22/12/2010,09:30,3,3,0,0,0
22/12/2010,09:45,1,0,0,1,0
22/12/2010,10:00,0,0,0,0,0
22/12/2010,10:15,2,0,0,2,0
22/12/2010,10:30,4,2,0,1,1
22/12/2010,10:45,1,0,0,1,0
22/12/2010,11:00,3,1,1,1,0
22/12/2010,11:15,3,2,0,1,0
22/12/2010,11:30,1,1,0,0,0
22/12/2010,11:45,5,2,1,2,0
22/12/2010,12:00,1,0,1,0,0
22/12/2010,12:15,1,0,0,0,1
22/12/2010,12:30,3,0,2,0,1
22/12/2010,12:45,2,1,0,1,0
22/12/2010,13:00,0,0,0,0,0
22/12/2010,13:15,1,0,0,1,0
22/12/2010,13:30,2,1,1,0,0
22/12/2010,13:45,0,0,0,0,0
22/12/2010,14:00,2,1,0,0,1
22/12/2010,14:15,1,0,0,1,0
22/12/2010,14:30,1,0,1,0,0
22/12/2010,14:45,3,2,0,0,1
22/12/2010,15:00,3,1,0,2,0
22/12/2010,15:15,1,0,0,1,0
22/12/2010,15:30,5,5,0,0,0
22/12/2010,15:45,3,2,1,0,0
22/12/2010,16:00,7,3,2,1,1
22/12/2010,16:15,1,1,0,0,0
22/12/2010,16:30,6,0,1,4,1
22/12/2010,16:45,12,2,3,3,4
22/12/2010,17:00,4,1,1,2,0
22/12/2010,17:15,4,0,0,4,0
22/12/2010,17:30,5,1,0,3,1
22/12/2010,17:45,2,0,2,0,0
22/12/2010,18:00,4,2,1,1,0
22/12/2010,18:15,12,3,3,3,3
22/12/2010,18:30,5,2,3,0,0
22/12/2010,18:45,4,2,1,1,0
22/12/2010,19:00,2,0,0,1,1
22/12/2010,19:15,2,0,0,2,0
22/12/2010,19:30,2,1,1,0,0
22/12/2010,19:45,3,0,1,1,1
22/12/2010,20:00,0,0,0,0,0
22/12/2010,20:15,1,0,0,0,1
22/12/2010,20:30,1,0,1,0,0
22/12/2010,20:45,0,0,0,0,0
22/12/2010,21:00,0,0,0,0,0
22/12/2010,21:15,0,0,0,0,0
22/12/2010,21:30,0,0,0,0,0
22/12/2010,21:45,0,0,0,0,0
22/12/2010,22:00,0,0,0,0,0
22/12/2010,22:15,1,0,0,1,0
22/12/2010,22:30,0,0,0,0,0
22/12/2010,22:45,0,0,0,0,0
22/12/2010,23:00,0,0,0,0,0
22/12/2010,23:15,1,0,1,0,0
22/12/2010,23:30,1,0,1,0,0
22/12/2010,23:45,1,1,0,0,0
23/12/2010,00:00,0,0,0,0,0
23/12/2010,00:15,0,0,0,0,0
23/12/2010,00:30,0,0,0,0,0
23/12/2010,00:45,0,0,0,0,0
23/12/2010,01:00,0,0,0,0,0
23/12/2010,01:15,0,0,0,0,0
23/12/2010,01:30,0,0,0,0,0
23/12/2010,01:45,0,0,0,0,0
23/12/2010,02:00,0,0,0,0,0
23/12/2010,02:15,0,0,0,0,0
23/12/2010,02:30,0,0,0,0,0
23/12/2010,02:45,0,0,0,0,0
23/12/2010,03:00,0,0,0,0,0
23/12/2010,03:15,0,0,0,0,0
23/12/2010,03:30,0,0,0,0,0
23/12/2010,03:45,0,0,0,0,0
23/12/2010,04:00,0,0,0,0,0
23/12/2010,04:15,0,0,0,0,0
23/12/2010,04:30,0,0,0,0,0
23/12/2010,04:45,0,0,0,0,0
23/12/2010,05:00,0,0,0,0,0
23/12/2010,05:15,0,0,0,0,0
23/12/2010,05:30,0,0,0,0,0
23/12/2010,05:45,0,0,0,0,0
23/12/2010,06:00,0,0,0,0,0
23/12/2010,06:15,1,1,0,0,0
23/12/2010,06:30,2,0,0,2,0
23/12/2010,06:45,2,1,0,0,1
23/12/2010,07:00,1,0,0,1,0
23/12/2010,07:15,3,2,0,1,0
23/12/2010,07:30,2,1,0,1,0
23/12/2010,07:45,2,2,0,0,0
23/12/2010,08:00,1,0,0,1,0
23/12/2010,08:15,8,3,1,3,1
23/12/2010,08:30,5,2,2,1,0
23/12/2010,08:45,6,0,0,5,1
23/12/2010,09:00,7,1,3,2,1
23/12/2010,09:15,0,0,0,0,0
23/12/2010,09:30,4,4,0,0,0
23/12/2010,09:45,7,3,2,1,1
23/12/2010,10:00,10,10,0,0,0
23/12/2010,10:15,4,3,0,1,0
23/12/2010,10:30,2,0,1,1,0
23/12/2010,10:45,7,6,1,0,0
23/12/2010,11:00,5,2,2,1,0
23/12/2010,11:15,1,0,1,0,0
23/12/2010,11:30,4,3,1,0,0
23/12/2010,11:45,2,0,1,1,0
23/12/2010,12:00,1,0,0,1,0
23/12/2010,12:15,5,2,1,2,0
23/12/2010,12:30,2,2,0,0,0
23/12/2010,12:45,1,0,0,0,1
23/12/2010,13:00,0,0,0,0,0
23/12/2010,13:15,5,5,0,0,0
23/12/2010,13:30,1,0,1,0,0
23/12/2010,13:45,3,1,0,1,1
23/12/2010,14:00,3,0,2,0,1
23/12/2010,14:15,2,0,1,1,0
23/12/2010,14:30,4,0,0,2,2
23/12/2010,14:45,1,0,0,1,0
23/12/2010,15:00,3,2,0,1,0
23/12/2010,15:15,3,2,1,0,0
23/12/2010,15:30,5,1,1,2,1
23/12/2010,15:45,8,3,2,1,2
23/12/2010,16:00,4,0,2,1,1
23/12/2010,16:15,4,1,1,0,2
23/12/2010,16:30,3,0,1,1,1
23/12/2010,16:45,6,0,0,1,5
23/12/2010,17:00,3,0,0,2,1
23/12/2010,17:15,5,2,0,1,2
23/12/2010,17:30,2,0,0,1,1
23/12/2010,17:45,2,0,1,1,0
23/12/2010,18:00,1,0,0,0,1
23/12/2010,18:15,2,0,1,1,0
23/12/2010,18:30,0,0,0,0,0
23/12/2010,18:45,1,0,0,0,1
23/12/2010,19:00,3,2,0,1,0
23/12/2010,19:15,0,0,0,0,0
23/12/2010,19:30,0,0,0,0,0
23/12/2010,19:45,0,0,0,0,0
23/12/2010,20:00,0,0,0,0,0
23/12/2010,20:15,0,0,0,0,0
23/12/2010,20:30,0,0,0,0,0
23/12/2010,20:45,1,0,0,0,1
23/12/2010,21:00,0,0,0,0,0
23/12/2010,21:15,0,0,0,0,0
23/12/2010,21:30,0,0,0,0,0
23/12/2010,21:45,1,0,0,0,1
23/12/2010,22:00,0,0,0,0,0
23/12/2010,22:15,0,0,0,0,0
23/12/2010,22:30,0,0,0,0,0
23/12/2010,22:45,0,0,0,0,0
23/12/2010,23:00,0,0,0,0,0
23/12/2010,23:15,0,0,0,0,0
23/12/2010,23:30,0,0,0,0,0
23/12/2010,23:45,0,0,0,0,0
24/12/2010,00:00,0,0,0,0,0
24/12/2010,00:15,0,0,0,0,0
24/12/2010,00:30,0,0,0,0,0
24/12/2010,00:45,0,0,0,0,0
24/12/2010,01:00,0,0,0,0,0
24/12/2010,01:15,0,0,0,0,0
24/12/2010,01:30,0,0,0,0,0
24/12/2010,01:45,0,0,0,0,0
24/12/2010,02:00,0,0,0,0,0
24/12/2010,02:15,0,0,0,0,0
24/12/2010,02:30,0,0,0,0,0
24/12/2010,02:45,0,0,0,0,0
24/12/2010,03:00,0,0,0,0,0
24/12/2010,03:15,0,0,0,0,0
24/12/2010,03:30,0,0,0,0,0
24/12/2010,03:45,0,0,0,0,0
24/12/2010,04:00,0,0,0,0,0
24/12/2010,04:15,0,0,0,0,0
24/12/2010,04:30,0,0,0,0,0
24/12/2010,04:45,0,0,0,0,0
24/12/2010,05:00,0,0,0,0,0
24/12/2010,05:15,0,0,0,0,0
24/12/2010,05:30,0,0,0,0,0
24/12/2010,05:45,0,0,0,0,0
24/12/2010,06:00,0,0,0,0,0
24/12/2010,06:15,1,1,0,0,0
24/12/2010,06:30,0,0,0,0,0
24/12/2010,06:45,1,0,1,0,0
24/12/2010,07:00,1,0,0,1,0
24/12/2010,07:15,2,1,0,1,0
24/12/2010,07:30,2,1,1,0,0
24/12/2010,07:45,2,1,1,0,0
24/12/2010,08:00,4,3,0,1,0
24/12/2010,08:15,1,0,1,0,0
24/12/2010,08:30,3,0,2,1,0
24/12/2010,08:45,2,1,0,1,0
24/12/2010,09:00,4,1,2,0,1
24/12/2010,09:15,6,3,1,1,1
24/12/2010,09:30,8,3,3,1,1
24/12/2010,09:45,7,2,3,2,0
24/12/2010,10:00,4,3,0,1,0
24/12/2010,10:15,5,3,2,0,0
24/12/2010,10:30,3,1,1,1,0
24/12/2010,10:45,5,4,0,1,0
24/12/2010,11:00,1,1,0,0,0
24/12/2010,11:15,11,7,1,1,2
24/12/2010,11:30,4,2,2,0,0
24/12/2010,11:45,6,3,3,0,0
24/12/2010,12:00,7,5,2,0,0
24/12/2010,12:15,9,7,2,0,0
24/12/2010,12:30,5,4,0,0,1
24/12/2010,12:45,6,5,0,1,0
24/12/2010,13:00,5,4,0,1,0
24/12/2010,13:15,7,4,2,1,0
24/12/2010,13:30,5,2,0,1,2
24/12/2010,13:45,6,3,0,2,1
24/12/2010,14:00,12,2,4,4,2
24/12/2010,14:15,9,6,0,2,1
24/12/2010,14:30,8,4,2,1,1
24/12/2010,14:45,12,6,1,3,2
24/12/2010,15:00,10,3,3,3,1
24/12/2010,15:15,6,2,1,2,1
24/12/2010,15:30,5,4,0,1,0
24/12/2010,15:45,3,0,0,1,2
24/12/2010,16:00,8,4,1,2,1
24/12/2010,16:15,3,0,0,2,1
24/12/2010,16:30,4,2,0,1,1
24/12/2010,16:45,4,2,2,0,0
24/12/2010,17:00,2,0,1,0,1
24/12/2010,17:15,2,0,1,0,1
24/12/2010,17:30,2,2,0,0,0
24/12/2010,17:45,2,1,1,0,0
24/12/2010,18:00,2,0,1,0,1
24/12/2010,18:15,0,0,0,0,0
24/12/2010,18:30,0,0,0,0,0
24/12/2010,18:45,0,0,0,0,0
24/12/2010,19:00,0,0,0,0,0
24/12/2010,19:15,0,0,0,0,0
24/12/2010,19:30,0,0,0,0,0
24/12/2010,19:45,0,0,0,0,0
24/12/2010,20:00,0,0,0,0,0
24/12/2010,20:15,0,0,0,0,0
24/12/2010,20:30,0,0,0,0,0
24/12/2010,20:45,0,0,0,0,0
24/12/2010,21:00,0,0,0,0,0
24/12/2010,21:15,0,0,0,0,0
24/12/2010,21:30,0,0,0,0,0
24/12/2010,21:45,0,0,0,0,0
24/12/2010,22:00,0,0,0,0,0
24/12/2010,22:15,0,0,0,0,0
24/12/2010,22:30,0,0,0,0,0
24/12/2010,22:45,0,0,0,0,0
24/12/2010,23:00,0,0,0,0,0
24/12/2010,23:15,0,0,0,0,0
24/12/2010,23:30,0,0,0,0,0
24/12/2010,23:45,0,0,0,0,0
25/12/2010,00:00,0,0,0,0,0
25/12/2010,00:15,0,0,0,0,0
25/12/2010,00:30,0,0,0,0,0
25/12/2010,00:45,0,0,0,0,0
25/12/2010,01:00,0,0,0,0,0
25/12/2010,01:15,0,0,0,0,0
25/12/2010,01:30,0,0,0,0,0
25/12/2010,01:45,0,0,0,0,0
25/12/2010,02:00,0,0,0,0,0
25/12/2010,02:15,0,0,0,0,0
25/12/2010,02:30,0,0,0,0,0
25/12/2010,02:45,0,0,0,0,0
25/12/2010,03:00,0,0,0,0,0
25/12/2010,03:15,0,0,0,0,0
25/12/2010,03:30,0,0,0,0,0
25/12/2010,03:45,0,0,0,0,0
25/12/2010,04:00,0,0,0,0,0
25/12/2010,04:15,0,0,0,0,0
25/12/2010,04:30,0,0,0,0,0
25/12/2010,04:45,0,0,0,0,0
25/12/2010,05:00,0,0,0,0,0
25/12/2010,05:15,0,0,0,0,0
25/12/2010,05:30,0,0,0,0,0
25/12/2010,05:45,0,0,0,0,0
25/12/2010,06:00,1,1,0,0,0
25/12/2010,06:15,0,0,0,0,0
25/12/2010,06:30,0,0,0,0,0
25/12/2010,06:45,0,0,0,0,0
25/12/2010,07:00,0,0,0,0,0
25/12/2010,07:15,0,0,0,0,0
25/12/2010,07:30,0,0,0,0,0
25/12/2010,07:45,1,0,1,0,0
25/12/2010,08:00,2,2,0,0,0
25/12/2010,08:15,5,3,2,0,0
25/12/2010,08:30,2,0,2,0,0
25/12/2010,08:45,4,4,0,0,0
25/12/2010,09:00,5,3,2,0,0
25/12/2010,09:15,2,2,0,0,0
25/12/2010,09:30,2,1,1,0,0
25/12/2010,09:45,3,2,0,1,0
25/12/2010,10:00,6,3,3,0,0
25/12/2010,10:15,6,3,3,0,0
25/12/2010,10:30,8,6,2,0,0
25/12/2010,10:45,6,4,2,0,0
25/12/2010,11:00,4,0,4,0,0
25/12/2010,11:15,2,1,1,0,0
25/12/2010,11:30,5,3,2,0,0
25/12/2010,11:45,3,2,1,0,0
25/12/2010,12:00,9,5,3,0,1
25/12/2010,12:15,4,2,0,2,0
25/12/2010,12:30,9,7,2,0,0
25/12/2010,12:45,3,3,0,0,0
25/12/2010,13:00,3,2,0,1,0
25/12/2010,13:15,5,2,0,1,2
25/12/2010,13:30,3,2,0,1,0
25/12/2010,13:45,6,4,1,1,0
25/12/2010,14:00,8,3,3,1,1
25/12/2010,14:15,10,5,3,1,1
25/12/2010,14:30,6,4,0,2,0
25/12/2010,14:45,10,3,3,4,0
25/12/2010,15:00,4,4,0,0,0
25/12/2010,15:15,5,2,2,0,1
25/12/2010,15:30,6,1,3,2,0
25/12/2010,15:45,4,3,0,0,1
25/12/2010,16:00,5,1,3,1,0
25/12/2010,16:15,5,2,2,1,0
25/12/2010,16:30,5,1,3,0,1
25/12/2010,16:45,11,9,2,0,0
25/12/2010,17:00,12,5,6,1,0
25/12/2010,17:15,2,2,0,0,0
25/12/2010,17:30,8,8,0,0,0
25/12/2010,17:45,0,0,0,0,0
25/12/2010,18:00,2,1,0,1,0
25/12/2010,18:15,0,0,0,0,0
25/12/2010,18:30,0,0,0,0,0
25/12/2010,18:45,0,0,0,0,0
25/12/2010,19:00,0,0,0,0,0
25/12/2010,19:15,1,1,0,0,0
25/12/2010,19:30,0,0,0,0,0
25/12/2010,19:45,0,0,0,0,0
25/12/2010,20:00,1,0,1,0,0
25/12/2010,20:15,1,1,0,0,0
25/12/2010,20:30,0,0,0,0,0
25/12/2010,20:45,0,0,0,0,0
25/12/2010,21:00,1,1,0,0,0
25/12/2010,21:15,0,0,0,0,0
25/12/2010,21:30,0,0,0,0,0
25/12/2010,21:45,0,0,0,0,0
25/12/2010,22:00,0,0,0,0,0
25/12/2010,22:15,0,0,0,0,0
25/12/2010,22:30,0,0,0,0,0
25/12/2010,22:45,0,0,0,0,0
25/12/2010,23:00,0,0,0,0,0
25/12/2010,23:15,1,0,1,0,0
25/12/2010,23:30,0,0,0,0,0
25/12/2010,23:45,1,1,0,0,0
26/12/2010,00:00,1,1,0,0,0
26/12/2010,00:15,0,0,0,0,0
26/12/2010,00:30,0,0,0,0,0
26/12/2010,00:45,1,0,0,1,0
26/12/2010,01:00,0,0,0,0,0
26/12/2010,01:15,0,0,0,0,0
26/12/2010,01:30,0,0,0,0,0
26/12/2010,01:45,0,0,0,0,0
26/12/2010,02:00,0,0,0,0,0
26/12/2010,02:15,0,0,0,0,0
26/12/2010,02:30,0,0,0,0,0
26/12/2010,02:45,0,0,0,0,0
26/12/2010,03:00,0,0,0,0,0
26/12/2010,03:15,1,0,1,0,0
26/12/2010,03:30,0,0,0,0,0
26/12/2010,03:45,0,0,0,0,0
26/12/2010,04:00,0,0,0,0,0
26/12/2010,04:15,0,0,0,0,0
26/12/2010,04:30,0,0,0,0,0
26/12/2010,04:45,0,0,0,0,0
26/12/2010,05:00,0,0,0,0,0
26/12/2010,05:15,0,0,0,0,0
26/12/2010,05:30,0,0,0,0,0
26/12/2010,05:45,0,0,0,0,0
26/12/2010,06:00,0,0,0,0,0
26/12/2010,06:15,0,0,0,0,0
26/12/2010,06:30,1,1,0,0,0
26/12/2010,06:45,0,0,0,0,0
26/12/2010,07:00,0,0,0,0,0
26/12/2010,07:15,0,0,0,0,0
26/12/2010,07:30,0,0,0,0,0
26/12/2010,07:45,0,0,0,0,0
26/12/2010,08:00,3,1,1,1,0
26/12/2010,08:15,3,1,1,0,1
26/12/2010,08:30,4,2,2,0,0
26/12/2010,08:45,4,2,1,0,1
26/12/2010,09:00,6,3,2,0,1
26/12/2010,09:15,2,2,0,0,0
26/12/2010,09:30,14,9,3,0,2
26/12/2010,09:45,8,7,1,0,0
26/12/2010,10:00,12,9,2,1,0
26/12/2010,10:15,9,3,3,2,1
26/12/2010,10:30,15,9,4,2,0
26/12/2010,10:45,11,6,2,2,1
26/12/2010,11:00,7,5,0,2,0
26/12/2010,11:15,5,4,1,0,0
26/12/2010,11:30,7,3,0,1,3
26/12/2010,11:45,7,3,4,0,0
26/12/2010,12:00,8,5,2,0,1
26/12/2010,12:15,5,4,0,1,0
26/12/2010,12:30,4,3,1,0,0
26/12/2010,12:45,11,5,1,4,1
26/12/2010,13:00,1,1,0,0,0
26/12/2010,13:15,6,3,3,0,0
26/12/2010,13:30,8,5,1,0,2
26/12/2010,13:45,1,1,0,0,0
26/12/2010,14:00,4,3,1,0,0
26/12/2010,14:15,4,3,1,0,0
26/12/2010,14:30,3,1,2,0,0
26/12/2010,14:45,5,3,1,1,0
26/12/2010,15:00,4,4,0,0,0
26/12/2010,15:15,9,5,3,1,0
26/12/2010,15:30,4,3,0,0,1
26/12/2010,15:45,3,2,1,0,0
26/12/2010,16:00,4,3,1,0,0
26/12/2010,16:15,3,2,1,0,0
26/12/2010,16:30,0,0,0,0,0
26/12/2010,16:45,4,2,1,1,0
26/12/2010,17:00,3,1,1,1,0
26/12/2010,17:15,3,1,0,2,0
26/12/2010,17:30,0,0,0,0,0
26/12/2010,17:45,1,1,0,0,0
26/12/2010,18:00,0,0,0,0,0
26/12/2010,18:15,1,0,0,0,1
26/12/2010,18:30,0,0,0,0,0
26/12/2010,18:45,0,0,0,0,0
26/12/2010,19:00,1,0,1,0,0
26/12/2010,19:15,0,0,0,0,0
26/12/2010,19:30,1,1,0,0,0
26/12/2010,19:45,0,0,0,0,0
26/12/2010,20:00,0,0,0,0,0
26/12/2010,20:15,0,0,0,0,0
26/12/2010,20:30,0,0,0,0,0
26/12/2010,20:45,0,0,0,0,0
26/12/2010,21:00,0,0,0,0,0
26/12/2010,21:15,0,0,0,0,0
26/12/2010,21:30,0,0,0,0,0
26/12/2010,21:45,0,0,0,0,0
26/12/2010,22:00,0,0,0,0,0
26/12/2010,22:15,0,0,0,0,0
26/12/2010,22:30,0,0,0,0,0
26/12/2010,22:45,0,0,0,0,0
26/12/2010,23:00,0,0,0,0,0
26/12/2010,23:15,0,0,0,0,0
26/12/2010,23:30,0,0,0,0,0
26/12/2010,23:45,0,0,0,0,0
27/12/2010,00:00,0,0,0,0,0
27/12/2010,00:15,1,0,1,0,0
27/12/2010,00:30,0,0,0,0,0
27/12/2010,00:45,0,0,0,0,0
27/12/2010,01:00,0,0,0,0,0
27/12/2010,01:15,1,1,0,0,0
27/12/2010,01:30,0,0,0,0,0
27/12/2010,01:45,0,0,0,0,0
27/12/2010,02:00,0,0,0,0,0
27/12/2010,02:15,0,0,0,0,0
27/12/2010,02:30,0,0,0,0,0
27/12/2010,02:45,0,0,0,0,0
27/12/2010,03:00,0,0,0,0,0
27/12/2010,03:15,0,0,0,0,0
27/12/2010,03:30,0,0,0,0,0
27/12/2010,03:45,0,0,0,0,0
27/12/2010,04:00,0,0,0,0,0
27/12/2010,04:15,0,0,0,0,0
27/12/2010,04:30,0,0,0,0,0
27/12/2010,04:45,0,0,0,0,0
27/12/2010,05:00,0,0,0,0,0
27/12/2010,05:15,0,0,0,0,0
27/12/2010,05:30,0,0,0,0,0
27/12/2010,05:45,0,0,0,0,0
27/12/2010,06:00,0,0,0,0,0
27/12/2010,06:15,0,0,0,0,0
27/12/2010,06:30,2,1,0,1,0
27/12/2010,06:45,0,0,0,0,0
27/12/2010,07:00,1,1,0,0,0
27/12/2010,07:15,1,1,0,0,0
27/12/2010,07:30,0,0,0,0,0
27/12/2010,07:45,2,1,1,0,0
27/12/2010,08:00,2,2,0,0,0
27/12/2010,08:15,1,1,0,0,0
27/12/2010,08:30,6,3,2,1,0
27/12/2010,08:45,2,1,0,1,0
27/12/2010,09:00,3,1,0,2,0
27/12/2010,09:15,1,0,1,0,0
27/12/2010,09:30,0,0,0,0,0
27/12/2010,09:45,1,1,0,0,0
27/12/2010,10:00,2,2,0,0,0
27/12/2010,10:15,2,1,0,1,0
27/12/2010,10:30,1,1,0,0,0
27/12/2010,10:45,3,2,1,0,0
27/12/2010,11:00,5,3,1,1,0
27/12/2010,11:15,1,1,0,0,0
27/12/2010,11:30,3,2,1,0,0
27/12/2010,11:45,2,2,0,0,0
27/12/2010,12:00,2,0,0,1,1
27/12/2010,12:15,1,1,0,0,0
27/12/2010,12:30,0,0,0,0,0
27/12/2010,12:45,2,2,0,0,0
27/12/2010,13:00,1,0,1,0,0
27/12/2010,13:15,0,0,0,0,0
27/12/2010,13:30,5,3,2,0,0
27/12/2010,13:45,0,0,0,0,0
27/12/2010,14:00,4,2,2,0,0
27/12/2010,14:15,5,3,2,0,0
27/12/2010,14:30,3,1,0,0,2
27/12/2010,14:45,1,1,0,0,0
27/12/2010,15:00,0,0,0,0,0
27/12/2010,15:15,1,0,1,0,0
27/12/2010,15:30,1,1,0,0,0
27/12/2010,15:45,2,0,0,2,0
27/12/2010,16:00,5,1,0,2,2
27/12/2010,16:15,2,1,1,0,0
27/12/2010,16:30,0,0,0,0,0
27/12/2010,16:45,1,1,0,0,0
27/12/2010,17:00,3,2,1,0,0
27/12/2010,17:15,2,2,0,0,0
27/12/2010,17:30,4,1,0,1,2
27/12/2010,17:45,1,1,0,0,0
27/12/2010,18:00,0,0,0,0,0
27/12/2010,18:15,2,0,0,1,1
27/12/2010,18:30,2,1,1,0,0
27/12/2010,18:45,0,0,0,0,0
27/12/2010,19:00,0,0,0,0,0
27/12/2010,19:15,0,0,0,0,0
27/12/2010,19:30,1,0,1,0,0
27/12/2010,19:45,0,0,0,0,0
27/12/2010,20:00,2,1,0,0,1
27/12/2010,20:15,1,0,1,0,0
27/12/2010,20:30,1,0,0,1,0
27/12/2010,20:45,0,0,0,0,0
27/12/2010,21:00,1,1,0,0,0
27/12/2010,21:15,0,0,0,0,0
27/12/2010,21:30,0,0,0,0,0
27/12/2010,21:45,0,0,0,0,0
27/12/2010,22:00,0,0,0,0,0
27/12/2010,22:15,0,0,0,0,0
27/12/2010,22:30,0,0,0,0,0
27/12/2010,22:45,0,0,0,0,0
27/12/2010,23:00,0,0,0,0,0
27/12/2010,23:15,0,0,0,0,0
27/12/2010,23:30,0,0,0,0,0
27/12/2010,23:45,0,0,0,0,0
28/12/2010,00:00,0,0,0,0,0
28/12/2010,00:15,0,0,0,0,0
28/12/2010,00:30,0,0,0,0,0
28/12/2010,00:45,0,0,0,0,0
28/12/2010,01:00,0,0,0,0,0
28/12/2010,01:15,0,0,0,0,0
28/12/2010,01:30,0,0,0,0,0
28/12/2010,01:45,0,0,0,0,0
28/12/2010,02:00,0,0,0,0,0
28/12/2010,02:15,0,0,0,0,0
28/12/2010,02:30,0,0,0,0,0
28/12/2010,02:45,0,0,0,0,0
28/12/2010,03:00,0,0,0,0,0
28/12/2010,03:15,0,0,0,0,0
28/12/2010,03:30,0,0,0,0,0
28/12/2010,03:45,0,0,0,0,0
28/12/2010,04:00,0,0,0,0,0
28/12/2010,04:15,0,0,0,0,0
28/12/2010,04:30,0,0,0,0,0
28/12/2010,04:45,0,0,0,0,0
28/12/2010,05:00,0,0,0,0,0
28/12/2010,05:15,0,0,0,0,0
28/12/2010,05:30,1,0,0,1,0
28/12/2010,05:45,0,0,0,0,0
28/12/2010,06:00,0,0,0,0,0
28/12/2010,06:15,1,0,0,0,1
28/12/2010,06:30,1,0,0,1,0
28/12/2010,06:45,3,1,0,2,0
28/12/2010,07:00,1,0,1,0,0
28/12/2010,07:15,3,1,1,0,1
28/12/2010,07:30,4,1,0,3,0
28/12/2010,07:45,5,3,2,0,0
28/12/2010,08:00,6,3,0,3,0
28/12/2010,08:15,7,2,0,2,3
28/12/2010,08:30,5,1,0,2,2
28/12/2010,08:45,8,3,1,4,0
28/12/2010,09:00,10,5,1,3,1
28/12/2010,09:15,5,5,0,0,0
28/12/2010,09:30,4,3,0,1,0
28/12/2010,09:45,4,3,1,0,0
28/12/2010,10:00,3,2,0,1,0
28/12/2010,10:15,8,4,1,2,1
28/12/2010,10:30,14,4,6,1,3
28/12/2010,10:45,3,2,0,1,0
28/12/2010,11:00,1,1,0,0,0
28/12/2010,11:15,1,0,1,0,0
28/12/2010,11:30,3,0,2,1,0
28/12/2010,11:45,1,0,0,1,0
28/12/2010,12:00,4,4,0,0,0
28/12/2010,12:15,5,3,2,0,0
28/12/2010,12:30,6,3,1,2,0
28/12/2010,12:45,0,0,0,0,0
28/12/2010,13:00,5,0,3,0,2
28/12/2010,13:15,15,11,2,2,0
28/12/2010,13:30,1,1,0,0,0
28/12/2010,13:45,4,3,1,0,0
28/12/2010,14:00,3,1,1,1,0
28/12/2010,14:15,3,1,1,1,0
28/12/2010,14:30,7,3,3,1,0
28/12/2010,14:45,3,0,2,1,0
28/12/2010,15:00,5,2,0,3,0
28/12/2010,15:15,40,13,24,2,1
28/12/2010,15:30,15,5,5,3,2
28/12/2010,15:45,7,3,3,1,0
28/12/2010,16:00,15,7,3,4,1
28/12/2010,16:15,6,1,0,4,1
28/12/2010,16:30,4,2,0,1,1
28/12/2010,16:45,13,6,3,3,1
28/12/2010,17:00,6,2,1,1,2
28/12/2010,17:15,8,2,2,2,2
28/12/2010,17:30,2,0,1,0,1
28/12/2010,17:45,6,0,2,0,4
28/12/2010,18:00,5,1,3,0,1
28/12/2010,18:15,3,2,1,0,0
28/12/2010,18:30,4,0,0,2,2
28/12/2010,18:45,3,0,1,0,2
28/12/2010,19:00,2,2,0,0,0
28/12/2010,19:15,0,0,0,0,0
28/12/2010,19:30,1,1,0,0,0
28/12/2010,19:45,0,0,0,0,0
28/12/2010,20:00,1,0,1,0,0
28/12/2010,20:15,1,1,0,0,0
28/12/2010,20:30,4,1,1,2,0
28/12/2010,20:45,1,0,0,1,0
28/12/2010,21:00,0,0,0,0,0
28/12/2010,21:15,0,0,0,0,0
28/12/2010,21:30,0,0,0,0,0
28/12/2010,21:45,4,0,3,1,0
28/12/2010,22:00,0,0,0,0,0
28/12/2010,22:15,0,0,0,0,0
28/12/2010,22:30,1,0,1,0,0
28/12/2010,22:45,0,0,0,0,0
28/12/2010,23:00,1,0,1,0,0
28/12/2010,23:15,0,0,0,0,0
28/12/2010,23:30,0,0,0,0,0
28/12/2010,23:45,1,0,0,1,0
29/12/2010,00:00,0,0,0,0,0
29/12/2010,00:15,0,0,0,0,0
29/12/2010,00:30,5,0,4,1,0
29/12/2010,00:45,0,0,0,0,0
29/12/2010,01:00,0,0,0,0,0
29/12/2010,01:15,0,0,0,0,0
29/12/2010,01:30,0,0,0,0,0
29/12/2010,01:45,0,0,0,0,0
29/12/2010,02:00,0,0,0,0,0
29/12/2010,02:15,0,0,0,0,0
29/12/2010,02:30,0,0,0,0,0
29/12/2010,02:45,0,0,0,0,0
29/12/2010,03:00,0,0,0,0,0
29/12/2010,03:15,0,0,0,0,0
29/12/2010,03:30,0,0,0,0,0
29/12/2010,03:45,0,0,0,0,0
29/12/2010,04:00,0,0,0,0,0
29/12/2010,04:15,0,0,0,0,0
29/12/2010,04:30,0,0,0,0,0
29/12/2010,04:45,0,0,0,0,0
29/12/2010,05:00,0,0,0,0,0
29/12/2010,05:15,0,0,0,0,0
29/12/2010,05:30,2,0,0,2,0
29/12/2010,05:45,1,0,0,1,0
29/12/2010,06:00,1,0,0,1,0
29/12/2010,06:15,2,0,1,1,0
29/12/2010,06:30,2,1,0,1,0
29/12/2010,06:45,6,1,0,5,0
29/12/2010,07:00,5,1,1,2,1
29/12/2010,07:15,10,4,2,4,0
29/12/2010,07:30,3,1,1,0,1
29/12/2010,07:45,8,2,0,4,2
29/12/2010,08:00,4,1,1,2,0
29/12/2010,08:15,11,3,1,7,0
29/12/2010,08:30,11,4,2,3,2
29/12/2010,08:45,5,1,2,2,0
29/12/2010,09:00,7,2,1,3,1
29/12/2010,09:15,11,3,6,2,0
29/12/2010,09:30,4,2,1,1,0
29/12/2010,09:45,5,5,0,0,0
29/12/2010,10:00,7,2,2,2,1
29/12/2010,10:15,4,1,3,0,0
29/12/2010,10:30,6,3,2,0,1
29/12/2010,10:45,4,2,1,1,0
29/12/2010,11:00,6,3,0,3,0
29/12/2010,11:15,3,1,1,1,0
29/12/2010,11:30,11,6,2,3,0
29/12/2010,11:45,8,4,0,3,1
29/12/2010,12:00,27,5,7,11,4
29/12/2010,12:15,8,4,1,3,0
29/12/2010,12:30,3,2,0,1,0
29/12/2010,12:45,7,1,0,5,1
29/12/2010,13:00,5,0,0,5,0
29/12/2010,13:15,7,0,0,6,1
29/12/2010,13:30,6,1,1,2,2
29/12/2010,13:45,6,0,0,5,1
29/12/2010,14:00,8,1,1,2,4
29/12/2010,14:15,8,4,2,1,1
29/12/2010,14:30,10,2,0,6,2
29/12/2010,14:45,7,2,0,3,2
29/12/2010,15:00,7,1,0,4,2
29/12/2010,15:15,12,2,4,4,2
29/12/2010,15:30,11,1,0,5,5
29/12/2010,15:45,6,1,2,2,1
29/12/2010,16:00,10,2,2,3,3
29/12/2010,16:15,6,2,0,3,1
29/12/2010,16:30,8,2,1,3,2
29/12/2010,16:45,11,1,1,8,1
29/12/2010,17:00,8,0,1,4,3
29/12/2010,17:15,5,0,1,1,3
29/12/2010,17:30,10,4,1,2,3
29/12/2010,17:45,8,1,3,3,1
29/12/2010,18:00,6,0,3,1,2
29/12/2010,18:15,6,1,1,1,3
29/12/2010,18:30,11,3,2,4,2
29/12/2010,18:45,5,2,2,1,0
29/12/2010,19:00,4,1,0,1,2
29/12/2010,19:15,4,0,3,0,1
29/12/2010,19:30,2,0,1,1,0
29/12/2010,19:45,2,2,0,0,0
29/12/2010,20:00,2,0,1,1,0
29/12/2010,20:15,3,1,1,0,1
29/12/2010,20:30,2,1,0,1,0
29/12/2010,20:45,4,1,2,0,1
29/12/2010,21:00,0,0,0,0,0
29/12/2010,21:15,0,0,0,0,0
29/12/2010,21:30,0,0,0,0,0
29/12/2010,21:45,0,0,0,0,0
29/12/2010,22:00,1,0,1,0,0
29/12/2010,22:15,1,0,1,0,0
29/12/2010,22:30,0,0,0,0,0
29/12/2010,22:45,0,0,0,0,0
29/12/2010,23:00,0,0,0,0,0
29/12/2010,23:15,0,0,0,0,0
29/12/2010,23:30,2,0,1,1,0
29/12/2010,23:45,0,0,0,0,0
30/12/2010,00:00,0,0,0,0,0
30/12/2010,00:15,0,0,0,0,0
30/12/2010,00:30,0,0,0,0,0
30/12/2010,00:45,0,0,0,0,0
30/12/2010,01:00,0,0,0,0,0
30/12/2010,01:15,0,0,0,0,0
30/12/2010,01:30,0,0,0,0,0
30/12/2010,01:45,0,0,0,0,0
30/12/2010,02:00,0,0,0,0,0
30/12/2010,02:15,0,0,0,0,0
30/12/2010,02:30,0,0,0,0,0
30/12/2010,02:45,0,0,0,0,0
30/12/2010,03:00,0,0,0,0,0
30/12/2010,03:15,0,0,0,0,0
30/12/2010,03:30,0,0,0,0,0
30/12/2010,03:45,0,0,0,0,0
30/12/2010,04:00,0,0,0,0,0
30/12/2010,04:15,0,0,0,0,0
30/12/2010,04:30,0,0,0,0,0
30/12/2010,04:45,0,0,0,0,0
30/12/2010,05:00,0,0,0,0,0
30/12/2010,05:15,0,0,0,0,0
30/12/2010,05:30,0,0,0,0,0
30/12/2010,05:45,1,0,0,1,0
30/12/2010,06:00,1,0,0,1,0
30/12/2010,06:15,2,0,0,2,0
30/12/2010,06:30,3,0,0,3,0
30/12/2010,06:45,5,0,1,2,2
30/12/2010,07:00,4,1,0,3,0
30/12/2010,07:15,6,4,0,2,0
30/12/2010,07:30,5,2,0,2,1
30/12/2010,07:45,9,1,2,6,0
30/12/2010,08:00,5,1,0,3,1
30/12/2010,08:15,8,2,2,4,0
30/12/2010,08:30,9,4,0,2,3
30/12/2010,08:45,12,6,2,4,0
30/12/2010,09:00,7,1,1,3,2
30/12/2010,09:15,2,0,0,0,2
30/12/2010,09:30,6,4,2,0,0
30/12/2010,09:45,8,4,1,3,0
30/12/2010,10:00,3,1,1,1,0
30/12/2010,10:15,7,2,1,3,1
30/12/2010,10:30,7,1,1,4,1
30/12/2010,10:45,7,2,2,3,0
30/12/2010,11:00,2,0,0,2,0
30/12/2010,11:15,8,7,0,1,0
30/12/2010,11:30,6,5,1,0,0
30/12/2010,11:45,9,2,3,1,3
30/12/2010,12:00,7,3,2,0,2
30/12/2010,12:15,8,2,0,3,3
30/12/2010,12:30,12,2,2,6,2
30/12/2010,12:45,4,2,1,0,1
30/12/2010,13:00,2,0,0,2,0
30/12/2010,13:15,2,1,1,0,0
30/12/2010,13:30,6,1,0,1,4
30/12/2010,13:45,5,1,1,3,0
30/12/2010,14:00,16,5,3,3,5
30/12/2010,14:15,6,1,2,2,1
30/12/2010,14:30,9,0,1,6,2
30/12/2010,14:45,5,2,1,2,0
30/12/2010,15:00,13,2,0,6,5
30/12/2010,15:15,20,6,5,3,6
30/12/2010,15:30,8,4,2,1,1
30/12/2010,15:45,28,3,9,11,5
30/12/2010,16:00,20,5,6,4,5
30/12/2010,16:15,18,4,2,12,0
30/12/2010,16:30,25,2,9,11,3
30/12/2010,16:45,16,2,2,7,5
30/12/2010,17:00,7,1,2,3,1
30/12/2010,17:15,12,3,2,5,2
30/12/2010,17:30,13,4,3,3,3
30/12/2010,17:45,5,1,1,2,1
30/12/2010,18:00,8,1,1,2,4
30/12/2010,18:15,7,3,1,2,1
30/12/2010,18:30,7,1,1,2,3
30/12/2010,18:45,4,0,2,2,0
30/12/2010,19:00,0,0,0,0,0
30/12/2010,19:15,0,0,0,0,0
30/12/2010,19:30,3,2,1,0,0
30/12/2010,19:45,1,0,1,0,0
30/12/2010,20:00,1,0,1,0,0
30/12/2010,20:15,2,1,0,1,0
30/12/2010,20:30,3,1,1,1,0
30/12/2010,20:45,1,0,0,1,0
30/12/2010,21:00,3,2,1,0,0
30/12/2010,21:15,0,0,0,0,0
30/12/2010,21:30,0,0,0,0,0
30/12/2010,21:45,2,1,0,0,1
30/12/2010,22:00,0,0,0,0,0
30/12/2010,22:15,0,0,0,0,0
30/12/2010,22:30,1,1,0,0,0
30/12/2010,22:45,3,1,2,0,0
30/12/2010,23:00,1,0,0,1,0
30/12/2010,23:15,1,1,0,0,0
30/12/2010,23:30,0,0,0,0,0
30/12/2010,23:45,0,0,0,0,0
31/12/2010,00:00,0,0,0,0,0
31/12/2010,00:15,1,1,0,0,0
31/12/2010,00:30,1,0,0,1,0
31/12/2010,00:45,0,0,0,0,0
31/12/2010,01:00,0,0,0,0,0
31/12/2010,01:15,0,0,0,0,0
31/12/2010,01:30,0,0,0,0,0
31/12/2010,01:45,2,0,0,1,1
31/12/2010,02:00,0,0,0,0,0
31/12/2010,02:15,0,0,0,0,0
31/12/2010,02:30,0,0,0,0,0
31/12/2010,02:45,0,0,0,0,0
31/12/2010,03:00,0,0,0,0,0
31/12/2010,03:15,0,0,0,0,0
31/12/2010,03:30,0,0,0,0,0
31/12/2010,03:45,0,0,0,0,0
31/12/2010,04:00,0,0,0,0,0
31/12/2010,04:15,0,0,0,0,0
31/12/2010,04:30,0,0,0,0,0
31/12/2010,04:45,0,0,0,0,0
31/12/2010,05:00,0,0,0,0,0
31/12/2010,05:15,0,0,0,0,0
31/12/2010,05:30,0,0,0,0,0
31/12/2010,05:45,0,0,0,0,0
31/12/2010,06:00,0,0,0,0,0
31/12/2010,06:15,0,0,0,0,0
31/12/2010,06:30,0,0,0,0,0
31/12/2010,06:45,1,0,0,1,0
31/12/2010,07:00,0,0,0,0,0
31/12/2010,07:15,2,1,1,0,0
31/12/2010,07:30,2,1,0,1,0
31/12/2010,07:45,1,0,1,0,0
31/12/2010,08:00,3,3,0,0,0
31/12/2010,08:15,5,1,1,3,0
31/12/2010,08:30,7,2,0,5,0
31/12/2010,08:45,9,3,3,3,0
31/12/2010,09:00,11,4,2,4,1
31/12/2010,09:15,9,5,1,3,0
31/12/2010,09:30,9,5,1,2,1
31/12/2010,09:45,11,7,0,4,0
31/12/2010,10:00,17,6,3,5,3
31/12/2010,10:15,10,4,3,2,1
31/12/2010,10:30,15,7,0,5,3
31/12/2010,10:45,22,9,4,7,2
31/12/2010,11:00,4,2,0,2,0
31/12/2010,11:15,11,7,1,2,1
31/12/2010,11:30,25,11,6,5,3
31/12/2010,11:45,11,1,6,2,2
31/12/2010,12:00,11,5,4,2,0
31/12/2010,12:15,12,4,4,1,3
31/12/2010,12:30,29,8,6,7,8
31/12/2010,12:45,15,6,2,3,4
31/12/2010,13:00,17,3,1,9,4
31/12/2010,13:15,11,1,2,5,3
31/12/2010,13:30,19,4,3,4,8
31/12/2010,13:45,21,3,0,11,7
31/12/2010,14:00,20,7,0,7,6
31/12/2010,14:15,22,3,5,6,8
31/12/2010,14:30,28,2,1,12,13
31/12/2010,14:45,20,2,5,9,4
31/12/2010,15:00,37,13,1,10,13
31/12/2010,15:15,37,10,6,13,8
31/12/2010,15:30,32,5,3,18,6
31/12/2010,15:45,38,8,8,11,11
31/12/2010,16:00,24,4,5,7,8
31/12/2010,16:15,22,3,3,13,3
31/12/2010,16:30,27,9,5,9,4
31/12/2010,16:45,21,6,5,8,2
31/12/2010,17:00,17,5,3,5,4
31/12/2010,17:15,10,4,2,3,1
31/12/2010,17:30,9,5,1,3,0
31/12/2010,17:45,6,1,4,0,1
31/12/2010,18:00,1,0,0,1,0
31/12/2010,18:15,1,0,0,1,0
31/12/2010,18:30,1,1,0,0,0
31/12/2010,18:45,2,2,0,0,0
31/12/2010,19:00,0,0,0,0,0
31/12/2010,19:15,2,2,0,0,0
31/12/2010,19:30,1,0,1,0,0
31/12/2010,19:45,1,0,0,1,0
31/12/2010,20:00,0,0,0,0,0
31/12/2010,20:15,0,0,0,0,0
31/12/2010,20:30,3,1,0,2,0
31/12/2010,20:45,3,0,1,1,1
31/12/2010,21:00,4,1,0,3,0
31/12/2010,21:15,0,0,0,0,0
31/12/2010,21:30,2,1,0,0,1
31/12/2010,21:45,0,0,0,0,0
31/12/2010,22:00,0,0,0,0,0
31/12/2010,22:15,0,0,0,0,0
31/12/2010,22:30,3,2,0,0,1
31/12/2010,22:45,1,0,0,1,0
31/12/2010,23:00,1,1,0,0,0
31/12/2010,23:15,0,0,0,0,0
31/12/2010,23:30,0,0,0,0,0
31/12/2010,23:45,0,0,0,0,0
