Date,,WOD Bon Air West,WOD Bon Air West Ped IN,WOD Bon Air West Ped OUT,WOD Bon Air West Bike IN,WOD Bon Air West Bike OUT
10/12/2012,00:00,,,,,
10/12/2012,00:15,,,,,
10/12/2012,00:30,,,,,
10/12/2012,00:45,,,,,
10/12/2012,01:00,,,,,
10/12/2012,01:15,,,,,
10/12/2012,01:30,,,,,
10/12/2012,01:45,,,,,
10/12/2012,02:00,,,,,
10/12/2012,02:15,,,,,
10/12/2012,02:30,,,,,
10/12/2012,02:45,,,,,
10/12/2012,03:00,,,,,
10/12/2012,03:15,,,,,
10/12/2012,03:30,,,,,
10/12/2012,03:45,,,,,
10/12/2012,04:00,,,,,
10/12/2012,04:15,,,,,
10/12/2012,04:30,,,,,
10/12/2012,04:45,,,,,
10/12/2012,05:00,3,1,0,1,1
10/12/2012,05:15,1,1,0,0,0
10/12/2012,05:30,11,5,1,3,2
10/12/2012,05:45,15,1,2,4,8
10/12/2012,06:00,11,6,0,2,3
10/12/2012,06:15,19,8,2,4,5
10/12/2012,06:30,21,9,4,2,6
10/12/2012,06:45,27,14,3,4,6
10/12/2012,07:00,33,19,2,7,5
10/12/2012,07:15,19,12,2,3,2
10/12/2012,07:30,20,17,0,1,2
10/12/2012,07:45,30,12,4,7,7
10/12/2012,08:00,19,11,1,4,3
10/12/2012,08:15,22,14,0,3,5
10/12/2012,08:30,15,11,0,1,3
10/12/2012,08:45,20,11,1,3,5
10/12/2012,09:00,17,8,1,5,3
10/12/2012,09:15,18,8,3,3,4
10/12/2012,09:30,8,2,2,2,2
10/12/2012,09:45,6,0,2,1,3
10/12/2012,10:00,10,4,2,2,2
10/12/2012,10:15,11,5,3,2,1
10/12/2012,10:30,8,2,2,3,1
10/12/2012,10:45,8,2,0,2,4
10/12/2012,11:00,11,1,4,3,3
10/12/2012,11:15,4,0,0,1,3
10/12/2012,11:30,4,2,1,1,0
10/12/2012,11:45,8,3,2,1,2
10/12/2012,12:00,8,1,0,4,3
10/12/2012,12:15,7,2,1,2,2
10/12/2012,12:30,6,2,1,2,1
10/12/2012,12:45,8,2,1,2,3
10/12/2012,13:00,7,0,4,2,1
10/12/2012,13:15,7,2,2,1,2
10/12/2012,13:30,9,1,2,4,2
10/12/2012,13:45,10,2,5,1,2
10/12/2012,14:00,7,1,2,1,3
10/12/2012,14:15,15,6,3,3,3
10/12/2012,14:30,9,4,1,2,2
10/12/2012,14:45,11,2,1,3,5
10/12/2012,15:00,16,4,4,5,3
10/12/2012,15:15,20,6,8,2,4
10/12/2012,15:30,13,2,2,3,6
10/12/2012,15:45,17,4,1,8,4
10/12/2012,16:00,19,3,8,2,6
10/12/2012,16:15,24,4,10,8,2
10/12/2012,16:30,28,6,7,8,7
10/12/2012,16:45,33,7,12,6,8
10/12/2012,17:00,19,1,9,4,5
10/12/2012,17:15,22,3,10,5,4
10/12/2012,17:30,22,5,9,3,5
10/12/2012,17:45,22,5,11,1,5
10/12/2012,18:00,26,2,21,1,2
10/12/2012,18:15,22,6,10,3,3
10/12/2012,18:30,11,1,8,2,0
10/12/2012,18:45,16,0,5,6,5
10/12/2012,19:00,11,2,6,1,2
10/12/2012,19:15,15,0,10,3,2
10/12/2012,19:30,12,1,9,2,0
10/12/2012,19:45,7,2,3,0,2
10/12/2012,20:00,10,1,4,3,2
10/12/2012,20:15,3,1,2,0,0
10/12/2012,20:30,3,1,1,0,1
10/12/2012,20:45,3,0,0,1,2
10/12/2012,21:00,6,0,1,3,2
10/12/2012,21:15,4,0,1,1,2
10/12/2012,21:30,3,0,1,1,1
10/12/2012,21:45,2,0,0,0,2
10/12/2012,22:00,1,0,1,0,0
10/12/2012,22:15,0,0,0,0,0
10/12/2012,22:30,0,0,0,0,0
10/12/2012,22:45,1,0,1,0,0
10/12/2012,23:00,0,0,0,0,0
10/12/2012,23:15,2,0,1,1,0
10/12/2012,23:30,2,0,1,0,1
10/12/2012,23:45,0,0,0,0,0
11/12/2012,00:00,0,0,0,0,0
11/12/2012,00:15,0,0,0,0,0
11/12/2012,00:30,0,0,0,0,0
11/12/2012,00:45,1,0,0,1,0
11/12/2012,01:00,7,1,0,2,4
11/12/2012,01:15,0,0,0,0,0
11/12/2012,01:30,0,0,0,0,0
11/12/2012,01:45,0,0,0,0,0
11/12/2012,02:00,0,0,0,0,0
11/12/2012,02:15,0,0,0,0,0
11/12/2012,02:30,0,0,0,0,0
11/12/2012,02:45,0,0,0,0,0
11/12/2012,03:00,0,0,0,0,0
11/12/2012,03:15,1,0,0,0,1
11/12/2012,03:30,0,0,0,0,0
11/12/2012,03:45,0,0,0,0,0
11/12/2012,04:00,0,0,0,0,0
11/12/2012,04:15,0,0,0,0,0
11/12/2012,04:30,0,0,0,0,0
11/12/2012,04:45,3,1,0,0,2
11/12/2012,05:00,3,2,0,1,0
11/12/2012,05:15,8,1,2,4,1
11/12/2012,05:30,6,2,0,2,2
11/12/2012,05:45,8,1,5,1,1
11/12/2012,06:00,11,3,2,5,1
11/12/2012,06:15,23,6,2,14,1
11/12/2012,06:30,22,4,8,8,2
11/12/2012,06:45,28,3,4,17,4
11/12/2012,07:00,28,4,3,21,0
11/12/2012,07:15,29,2,4,20,3
11/12/2012,07:30,37,9,4,22,2
11/12/2012,07:45,33,5,1,23,4
11/12/2012,08:00,39,3,3,27,6
11/12/2012,08:15,26,3,2,19,2
11/12/2012,08:30,39,3,0,30,6
11/12/2012,08:45,26,6,1,14,5
11/12/2012,09:00,15,2,6,5,2
11/12/2012,09:15,15,4,3,7,1
11/12/2012,09:30,6,1,2,2,1
11/12/2012,09:45,3,1,1,1,0
11/12/2012,10:00,8,1,2,4,1
11/12/2012,10:15,4,1,1,1,1
11/12/2012,10:30,4,1,1,1,1
11/12/2012,10:45,8,3,3,1,1
11/12/2012,11:00,6,5,1,0,0
11/12/2012,11:15,7,3,2,2,0
11/12/2012,11:30,14,5,7,2,0
11/12/2012,11:45,7,2,2,0,3
11/12/2012,12:00,12,7,3,0,2
11/12/2012,12:15,8,2,2,3,1
11/12/2012,12:30,4,1,0,1,2
11/12/2012,12:45,10,1,3,4,2
11/12/2012,13:00,13,5,3,1,4
11/12/2012,13:15,5,1,2,1,1
11/12/2012,13:30,6,2,2,2,0
11/12/2012,13:45,5,1,1,3,0
11/12/2012,14:00,11,0,1,2,8
11/12/2012,14:15,7,0,2,2,3
11/12/2012,14:30,19,3,8,6,2
11/12/2012,14:45,9,2,1,4,2
11/12/2012,15:00,12,3,3,4,2
11/12/2012,15:15,15,1,2,3,9
11/12/2012,15:30,18,2,1,7,8
11/12/2012,15:45,15,1,4,2,8
11/12/2012,16:00,24,4,10,2,8
11/12/2012,16:15,25,8,3,6,8
11/12/2012,16:30,30,2,6,6,16
11/12/2012,16:45,27,6,3,4,14
11/12/2012,17:00,29,6,2,9,12
11/12/2012,17:15,24,3,8,0,13
11/12/2012,17:30,42,4,5,5,28
11/12/2012,17:45,36,3,0,3,30
11/12/2012,18:00,24,1,1,3,19
11/12/2012,18:15,22,3,1,2,16
11/12/2012,18:30,24,5,1,1,17
11/12/2012,18:45,16,1,2,1,12
11/12/2012,19:00,14,1,2,1,10
11/12/2012,19:15,16,1,4,4,7
11/12/2012,19:30,11,1,1,2,7
11/12/2012,19:45,5,0,0,1,4
11/12/2012,20:00,6,1,1,0,4
11/12/2012,20:15,4,0,0,1,3
11/12/2012,20:30,0,0,0,0,0
11/12/2012,20:45,1,0,0,0,1
11/12/2012,21:00,0,0,0,0,0
11/12/2012,21:15,3,0,0,0,3
11/12/2012,21:30,2,1,0,0,1
11/12/2012,21:45,2,1,0,1,0
11/12/2012,22:00,4,1,1,1,1
11/12/2012,22:15,0,0,0,0,0
11/12/2012,22:30,0,0,0,0,0
11/12/2012,22:45,1,0,0,0,1
11/12/2012,23:00,0,0,0,0,0
11/12/2012,23:15,1,0,0,0,1
11/12/2012,23:30,0,0,0,0,0
11/12/2012,23:45,1,0,1,0,0
12/12/2012,00:00,2,1,0,0,1
12/12/2012,00:15,1,0,1,0,0
12/12/2012,00:30,0,0,0,0,0
12/12/2012,00:45,0,0,0,0,0
12/12/2012,01:00,0,0,0,0,0
12/12/2012,01:15,0,0,0,0,0
12/12/2012,01:30,0,0,0,0,0
12/12/2012,01:45,0,0,0,0,0
12/12/2012,02:00,0,0,0,0,0
12/12/2012,02:15,0,0,0,0,0
12/12/2012,02:30,0,0,0,0,0
12/12/2012,02:45,0,0,0,0,0
12/12/2012,03:00,0,0,0,0,0
12/12/2012,03:15,0,0,0,0,0
12/12/2012,03:30,0,0,0,0,0
12/12/2012,03:45,0,0,0,0,0
12/12/2012,04:00,0,0,0,0,0
12/12/2012,04:15,0,0,0,0,0
12/12/2012,04:30,1,0,1,0,0
12/12/2012,04:45,3,0,2,1,0
12/12/2012,05:00,3,1,1,0,1
12/12/2012,05:15,4,1,0,2,1
12/12/2012,05:30,7,2,1,3,1
12/12/2012,05:45,11,3,2,4,2
12/12/2012,06:00,11,1,2,7,1
12/12/2012,06:15,12,3,2,6,1
12/12/2012,06:30,27,4,6,13,4
12/12/2012,06:45,28,5,4,18,1
12/12/2012,07:00,19,1,4,12,2
12/12/2012,07:15,33,8,4,17,4
12/12/2012,07:30,29,4,5,17,3
12/12/2012,07:45,30,2,3,19,6
12/12/2012,08:00,33,2,3,27,1
12/12/2012,08:15,25,8,5,9,3
12/12/2012,08:30,24,4,4,12,4
12/12/2012,08:45,27,3,4,15,5
12/12/2012,09:00,23,2,7,10,4
12/12/2012,09:15,13,4,2,7,0
12/12/2012,09:30,10,2,2,5,1
12/12/2012,09:45,6,0,2,3,1
12/12/2012,10:00,9,3,2,1,3
12/12/2012,10:15,11,8,0,2,1
12/12/2012,10:30,6,1,2,2,1
12/12/2012,10:45,15,2,5,4,4
12/12/2012,11:00,10,2,2,5,1
12/12/2012,11:15,16,5,1,3,7
12/12/2012,11:30,14,2,2,7,3
12/12/2012,11:45,10,3,4,2,1
12/12/2012,12:00,8,0,3,2,3
12/12/2012,12:15,9,2,3,2,2
12/12/2012,12:30,14,4,5,2,3
12/12/2012,12:45,12,2,3,1,6
12/12/2012,13:00,9,2,3,3,1
12/12/2012,13:15,7,3,1,1,2
12/12/2012,13:30,11,5,6,0,0
12/12/2012,13:45,5,0,3,1,1
12/12/2012,14:00,8,3,2,1,2
12/12/2012,14:15,13,5,1,2,5
12/12/2012,14:30,8,1,1,3,3
12/12/2012,14:45,10,2,2,1,5
12/12/2012,15:00,11,4,1,1,5
12/12/2012,15:15,11,1,3,5,2
12/12/2012,15:30,3,0,0,1,2
12/12/2012,15:45,15,5,3,2,5
12/12/2012,16:00,21,3,6,4,8
12/12/2012,16:15,20,5,4,3,8
12/12/2012,16:30,25,4,5,8,8
12/12/2012,16:45,31,6,5,5,15
12/12/2012,17:00,25,2,4,3,16
12/12/2012,17:15,19,5,2,4,8
12/12/2012,17:30,29,4,4,4,17
12/12/2012,17:45,25,0,5,4,16
12/12/2012,18:00,29,2,1,3,23
12/12/2012,18:15,21,2,2,1,16
12/12/2012,18:30,20,2,3,2,13
12/12/2012,18:45,21,0,3,1,17
12/12/2012,19:00,10,2,0,2,6
12/12/2012,19:15,10,2,0,0,8
12/12/2012,19:30,12,0,0,4,8
12/12/2012,19:45,10,1,2,1,6
12/12/2012,20:00,5,0,0,1,4
12/12/2012,20:15,8,2,1,2,3
12/12/2012,20:30,2,1,1,0,0
12/12/2012,20:45,1,0,0,1,0
12/12/2012,21:00,1,0,0,0,1
12/12/2012,21:15,0,0,0,0,0
12/12/2012,21:30,0,0,0,0,0
12/12/2012,21:45,3,1,1,1,0
12/12/2012,22:00,0,0,0,0,0
12/12/2012,22:15,0,0,0,0,0
12/12/2012,22:30,0,0,0,0,0
12/12/2012,22:45,0,0,0,0,0
12/12/2012,23:00,2,0,1,0,1
12/12/2012,23:15,1,0,0,0,1
12/12/2012,23:30,0,0,0,0,0
12/12/2012,23:45,0,0,0,0,0
13/12/2012,00:00,0,0,0,0,0
13/12/2012,00:15,1,0,1,0,0
13/12/2012,00:30,0,0,0,0,0
13/12/2012,00:45,1,1,0,0,0
13/12/2012,01:00,0,0,0,0,0
13/12/2012,01:15,1,0,1,0,0
13/12/2012,01:30,0,0,0,0,0
13/12/2012,01:45,0,0,0,0,0
13/12/2012,02:00,0,0,0,0,0
13/12/2012,02:15,0,0,0,0,0
13/12/2012,02:30,0,0,0,0,0
13/12/2012,02:45,0,0,0,0,0
13/12/2012,03:00,0,0,0,0,0
13/12/2012,03:15,0,0,0,0,0
13/12/2012,03:30,0,0,0,0,0
13/12/2012,03:45,0,0,0,0,0
13/12/2012,04:00,1,0,0,0,1
13/12/2012,04:15,1,0,0,1,0
13/12/2012,04:30,0,0,0,0,0
13/12/2012,04:45,2,0,2,0,0
13/12/2012,05:00,1,1,0,0,0
13/12/2012,05:15,3,0,0,2,1
13/12/2012,05:30,5,2,1,2,0
13/12/2012,05:45,10,2,5,2,1
13/12/2012,06:00,11,2,3,6,0
13/12/2012,06:15,30,5,9,15,1
13/12/2012,06:30,22,4,7,8,3
13/12/2012,06:45,25,5,2,14,4
13/12/2012,07:00,20,2,5,12,1
13/12/2012,07:15,30,6,0,19,5
13/12/2012,07:30,19,1,0,15,3
13/12/2012,07:45,26,0,2,21,3
13/12/2012,08:00,31,3,5,17,6
13/12/2012,08:15,27,2,4,20,1
13/12/2012,08:30,20,2,3,13,2
13/12/2012,08:45,26,2,2,21,1
13/12/2012,09:00,23,5,6,11,1
13/12/2012,09:15,6,1,2,3,0
13/12/2012,09:30,18,5,4,6,3
13/12/2012,09:45,15,6,2,4,3
13/12/2012,10:00,9,1,3,5,0
13/12/2012,10:15,5,1,3,1,0
13/12/2012,10:30,11,5,1,1,4
13/12/2012,10:45,19,6,9,3,1
13/12/2012,11:00,11,4,4,1,2
13/12/2012,11:15,11,3,2,5,1
13/12/2012,11:30,5,1,0,1,3
13/12/2012,11:45,12,1,3,3,5
13/12/2012,12:00,8,0,1,2,5
13/12/2012,12:15,7,0,1,4,2
13/12/2012,12:30,16,3,2,7,4
13/12/2012,12:45,7,3,1,3,0
13/12/2012,13:00,13,2,2,5,4
13/12/2012,13:15,6,0,3,0,3
13/12/2012,13:30,7,3,0,2,2
13/12/2012,13:45,12,7,1,1,3
13/12/2012,14:00,7,2,4,0,1
13/12/2012,14:15,16,3,2,5,6
13/12/2012,14:30,12,2,3,5,2
13/12/2012,14:45,18,3,4,2,9
13/12/2012,15:00,14,4,4,3,3
13/12/2012,15:15,21,4,4,6,7
13/12/2012,15:30,9,2,0,2,5
13/12/2012,15:45,16,1,7,0,8
13/12/2012,16:00,27,6,5,7,9
13/12/2012,16:15,17,5,3,3,6
13/12/2012,16:30,37,9,4,12,12
13/12/2012,16:45,31,5,9,3,14
13/12/2012,17:00,47,18,10,6,13
13/12/2012,17:15,21,2,0,3,16
13/12/2012,17:30,30,1,0,4,25
13/12/2012,17:45,16,0,0,2,14
13/12/2012,18:00,21,0,0,3,18
13/12/2012,18:15,20,3,1,2,14
13/12/2012,18:30,20,0,1,0,19
13/12/2012,18:45,17,1,1,3,12
13/12/2012,19:00,11,2,0,1,8
13/12/2012,19:15,15,1,1,2,11
13/12/2012,19:30,9,1,0,1,7
13/12/2012,19:45,5,1,0,2,2
13/12/2012,20:00,1,0,0,0,1
13/12/2012,20:15,5,0,0,2,3
13/12/2012,20:30,4,0,0,1,3
13/12/2012,20:45,3,0,0,0,3
13/12/2012,21:00,3,0,0,1,2
13/12/2012,21:15,1,0,0,1,0
13/12/2012,21:30,2,0,0,1,1
13/12/2012,21:45,0,0,0,0,0
13/12/2012,22:00,1,0,0,1,0
13/12/2012,22:15,0,0,0,0,0
13/12/2012,22:30,0,0,0,0,0
13/12/2012,22:45,0,0,0,0,0
13/12/2012,23:00,0,0,0,0,0
13/12/2012,23:15,0,0,0,0,0
13/12/2012,23:30,1,0,0,0,1
13/12/2012,23:45,1,0,0,0,1
14/12/2012,00:00,1,0,0,0,1
14/12/2012,00:15,0,0,0,0,0
14/12/2012,00:30,0,0,0,0,0
14/12/2012,00:45,0,0,0,0,0
14/12/2012,01:00,0,0,0,0,0
14/12/2012,01:15,0,0,0,0,0
14/12/2012,01:30,0,0,0,0,0
14/12/2012,01:45,0,0,0,0,0
14/12/2012,02:00,0,0,0,0,0
14/12/2012,02:15,0,0,0,0,0
14/12/2012,02:30,0,0,0,0,0
14/12/2012,02:45,0,0,0,0,0
14/12/2012,03:00,0,0,0,0,0
14/12/2012,03:15,0,0,0,0,0
14/12/2012,03:30,0,0,0,0,0
14/12/2012,03:45,0,0,0,0,0
14/12/2012,04:00,0,0,0,0,0
14/12/2012,04:15,0,0,0,0,0
14/12/2012,04:30,0,0,0,0,0
14/12/2012,04:45,0,0,0,0,0
14/12/2012,05:00,3,1,0,1,1
14/12/2012,05:15,0,0,0,0,0
14/12/2012,05:30,6,1,0,4,1
14/12/2012,05:45,7,2,2,3,0
14/12/2012,06:00,7,1,0,4,2
14/12/2012,06:15,15,3,4,6,2
14/12/2012,06:30,16,5,2,6,3
14/12/2012,06:45,10,0,1,8,1
14/12/2012,07:00,14,3,1,8,2
14/12/2012,07:15,25,3,4,15,3
14/12/2012,07:30,14,0,0,13,1
14/12/2012,07:45,20,1,2,15,2
14/12/2012,08:00,26,2,2,16,6
14/12/2012,08:15,25,3,3,18,1
14/12/2012,08:30,19,2,0,10,7
14/12/2012,08:45,16,4,1,10,1
14/12/2012,09:00,16,3,1,8,4
14/12/2012,09:15,11,2,1,8,0
14/12/2012,09:30,8,4,0,2,2
14/12/2012,09:45,6,0,1,4,1
14/12/2012,10:00,8,2,0,3,3
14/12/2012,10:15,13,5,1,3,4
14/12/2012,10:30,4,3,0,0,1
14/12/2012,10:45,4,0,1,2,1
14/12/2012,11:00,4,0,0,4,0
14/12/2012,11:15,5,0,0,4,1
14/12/2012,11:30,10,0,1,3,6
14/12/2012,11:45,11,1,1,6,3
14/12/2012,12:00,10,1,2,1,6
14/12/2012,12:15,2,1,0,1,0
14/12/2012,12:30,9,0,1,4,4
14/12/2012,12:45,11,1,1,2,7
14/12/2012,13:00,9,3,0,2,4
14/12/2012,13:15,8,1,0,3,4
14/12/2012,13:30,6,0,0,6,0
14/12/2012,13:45,7,0,0,5,2
14/12/2012,14:00,11,0,0,4,7
14/12/2012,14:15,13,3,1,6,3
14/12/2012,14:30,12,0,0,3,9
14/12/2012,14:45,20,1,0,8,11
14/12/2012,15:00,12,0,0,5,7
14/12/2012,15:15,18,1,0,8,9
14/12/2012,15:30,17,4,1,2,10
14/12/2012,15:45,14,2,0,5,7
14/12/2012,16:00,18,4,0,3,11
14/12/2012,16:15,22,6,1,7,8
14/12/2012,16:30,25,1,2,8,14
14/12/2012,16:45,33,8,4,8,13
14/12/2012,17:00,17,0,0,4,13
14/12/2012,17:15,20,0,0,5,15
14/12/2012,17:30,11,0,0,2,9
14/12/2012,17:45,16,0,0,2,14
14/12/2012,18:00,18,0,0,1,17
14/12/2012,18:15,11,0,0,3,8
14/12/2012,18:30,13,0,0,1,12
14/12/2012,18:45,9,0,0,0,9
14/12/2012,19:00,8,0,0,2,6
14/12/2012,19:15,7,0,0,2,5
14/12/2012,19:30,8,0,0,4,4
14/12/2012,19:45,4,0,0,1,3
14/12/2012,20:00,1,0,0,0,1
14/12/2012,20:15,0,0,0,0,0
14/12/2012,20:30,0,0,0,0,0
14/12/2012,20:45,2,0,0,1,1
14/12/2012,21:00,0,0,0,0,0
14/12/2012,21:15,1,0,0,1,0
14/12/2012,21:30,1,0,0,0,1
14/12/2012,21:45,1,0,0,0,1
14/12/2012,22:00,0,0,0,0,0
14/12/2012,22:15,0,0,0,0,0
14/12/2012,22:30,0,0,0,0,0
14/12/2012,22:45,1,0,0,0,1
14/12/2012,23:00,0,0,0,0,0
14/12/2012,23:15,0,0,0,0,0
14/12/2012,23:30,0,0,0,0,0
14/12/2012,23:45,0,0,0,0,0
15/12/2012,00:00,0,0,0,0,0
15/12/2012,00:15,0,0,0,0,0
15/12/2012,00:30,0,0,0,0,0
15/12/2012,00:45,0,0,0,0,0
15/12/2012,01:00,0,0,0,0,0
15/12/2012,01:15,1,0,0,1,0
15/12/2012,01:30,0,0,0,0,0
15/12/2012,01:45,0,0,0,0,0
15/12/2012,02:00,0,0,0,0,0
15/12/2012,02:15,0,0,0,0,0
15/12/2012,02:30,0,0,0,0,0
15/12/2012,02:45,0,0,0,0,0
15/12/2012,03:00,0,0,0,0,0
15/12/2012,03:15,0,0,0,0,0
15/12/2012,03:30,0,0,0,0,0
15/12/2012,03:45,1,0,0,0,1
15/12/2012,04:00,0,0,0,0,0
15/12/2012,04:15,0,0,0,0,0
15/12/2012,04:30,0,0,0,0,0
15/12/2012,04:45,0,0,0,0,0
15/12/2012,05:00,0,0,0,0,0
15/12/2012,05:15,0,0,0,0,0
15/12/2012,05:30,0,0,0,0,0
15/12/2012,05:45,0,0,0,0,0
15/12/2012,06:00,0,0,0,0,0
15/12/2012,06:15,1,0,0,1,0
15/12/2012,06:30,0,0,0,0,0
15/12/2012,06:45,5,0,0,5,0
15/12/2012,07:00,1,0,0,1,0
15/12/2012,07:15,5,0,0,2,3
15/12/2012,07:30,0,0,0,0,0
15/12/2012,07:45,2,0,0,1,1
15/12/2012,08:00,15,0,0,9,6
15/12/2012,08:15,4,0,0,1,3
15/12/2012,08:30,7,0,0,4,3
15/12/2012,08:45,8,0,0,6,2
15/12/2012,09:00,4,0,0,1,3
15/12/2012,09:15,4,0,0,1,3
15/12/2012,09:30,14,0,0,11,3
15/12/2012,09:45,15,0,0,5,10
15/12/2012,10:00,16,0,0,9,7
15/12/2012,10:15,16,0,0,4,12
15/12/2012,10:30,18,0,0,3,15
15/12/2012,10:45,20,0,0,16,4
15/12/2012,11:00,9,0,0,6,3
15/12/2012,11:15,22,0,0,14,8
15/12/2012,11:30,15,0,0,9,6
15/12/2012,11:45,18,0,0,7,11
15/12/2012,12:00,23,0,0,12,11
15/12/2012,12:15,12,0,0,8,4
15/12/2012,12:30,24,0,0,13,11
15/12/2012,12:45,23,0,0,12,11
15/12/2012,13:00,21,0,0,7,14
15/12/2012,13:15,36,0,0,17,19
15/12/2012,13:30,30,0,0,18,12
15/12/2012,13:45,21,0,0,12,9
15/12/2012,14:00,38,0,0,14,24
15/12/2012,14:15,28,0,0,20,8
15/12/2012,14:30,27,0,0,13,14
15/12/2012,14:45,30,0,0,20,10
15/12/2012,15:00,41,0,0,23,18
15/12/2012,15:15,37,0,0,19,18
15/12/2012,15:30,33,0,0,13,20
15/12/2012,15:45,20,0,0,8,12
15/12/2012,16:00,28,0,0,13,15
15/12/2012,16:15,11,0,0,7,4
15/12/2012,16:30,13,0,0,9,4
15/12/2012,16:45,14,0,0,10,4
15/12/2012,17:00,11,0,0,8,3
15/12/2012,17:15,6,0,0,4,2
15/12/2012,17:30,5,0,0,1,4
15/12/2012,17:45,1,0,0,1,0
15/12/2012,18:00,0,0,0,0,0
15/12/2012,18:15,0,0,0,0,0
15/12/2012,18:30,2,0,0,0,2
15/12/2012,18:45,0,0,0,0,0
15/12/2012,19:00,0,0,0,0,0
15/12/2012,19:15,0,0,0,0,0
15/12/2012,19:30,0,0,0,0,0
15/12/2012,19:45,0,0,0,0,0
15/12/2012,20:00,0,0,0,0,0
15/12/2012,20:15,1,0,0,1,0
15/12/2012,20:30,0,0,0,0,0
15/12/2012,20:45,0,0,0,0,0
15/12/2012,21:00,0,0,0,0,0
15/12/2012,21:15,0,0,0,0,0
15/12/2012,21:30,0,0,0,0,0
15/12/2012,21:45,0,0,0,0,0
15/12/2012,22:00,0,0,0,0,0
15/12/2012,22:15,0,0,0,0,0
15/12/2012,22:30,0,0,0,0,0
15/12/2012,22:45,1,0,0,0,1
15/12/2012,23:00,1,0,0,1,0
15/12/2012,23:15,0,0,0,0,0
15/12/2012,23:30,0,0,0,0,0
15/12/2012,23:45,0,0,0,0,0
16/12/2012,00:00,0,0,0,0,0
16/12/2012,00:15,0,0,0,0,0
16/12/2012,00:30,0,0,0,0,0
16/12/2012,00:45,0,0,0,0,0
16/12/2012,01:00,0,0,0,0,0
16/12/2012,01:15,0,0,0,0,0
16/12/2012,01:30,0,0,0,0,0
16/12/2012,01:45,0,0,0,0,0
16/12/2012,02:00,0,0,0,0,0
16/12/2012,02:15,0,0,0,0,0
16/12/2012,02:30,0,0,0,0,0
16/12/2012,02:45,0,0,0,0,0
16/12/2012,03:00,0,0,0,0,0
16/12/2012,03:15,0,0,0,0,0
16/12/2012,03:30,0,0,0,0,0
16/12/2012,03:45,0,0,0,0,0
16/12/2012,04:00,0,0,0,0,0
16/12/2012,04:15,0,0,0,0,0
16/12/2012,04:30,0,0,0,0,0
16/12/2012,04:45,0,0,0,0,0
16/12/2012,05:00,0,0,0,0,0
16/12/2012,05:15,1,0,0,0,1
16/12/2012,05:30,0,0,0,0,0
16/12/2012,05:45,1,0,0,0,1
16/12/2012,06:00,0,0,0,0,0
16/12/2012,06:15,1,0,0,1,0
16/12/2012,06:30,0,0,0,0,0
16/12/2012,06:45,0,0,0,0,0
16/12/2012,07:00,1,0,0,0,1
16/12/2012,07:15,0,0,0,0,0
16/12/2012,07:30,4,0,0,2,2
16/12/2012,07:45,2,0,0,1,1
16/12/2012,08:00,1,0,0,0,1
16/12/2012,08:15,4,0,0,3,1
16/12/2012,08:30,3,0,0,2,1
16/12/2012,08:45,6,0,0,2,4
16/12/2012,09:00,4,0,0,1,3
16/12/2012,09:15,4,0,0,2,2
16/12/2012,09:30,12,0,0,7,5
16/12/2012,09:45,4,0,0,1,3
16/12/2012,10:00,7,0,0,4,3
16/12/2012,10:15,10,0,0,4,6
16/12/2012,10:30,8,0,0,5,3
16/12/2012,10:45,7,0,0,6,1
16/12/2012,11:00,4,0,0,2,2
16/12/2012,11:15,9,0,0,7,2
16/12/2012,11:30,13,0,0,6,7
16/12/2012,11:45,14,0,0,9,5
16/12/2012,12:00,10,0,0,5,5
16/12/2012,12:15,15,0,0,6,9
16/12/2012,12:30,12,0,0,7,5
16/12/2012,12:45,12,0,0,3,9
16/12/2012,13:00,17,0,0,10,7
16/12/2012,13:15,18,0,0,9,9
16/12/2012,13:30,28,0,0,16,12
16/12/2012,13:45,11,0,0,6,5
16/12/2012,14:00,14,0,0,5,9
16/12/2012,14:15,11,0,0,6,5
16/12/2012,14:30,9,0,0,7,2
16/12/2012,14:45,9,0,0,6,3
16/12/2012,15:00,9,0,0,2,7
16/12/2012,15:15,5,0,0,2,3
16/12/2012,15:30,10,0,0,8,2
16/12/2012,15:45,7,0,0,2,5
16/12/2012,16:00,9,0,0,3,6
16/12/2012,16:15,7,0,0,1,6
16/12/2012,16:30,6,0,0,3,3
16/12/2012,16:45,5,0,0,2,3
16/12/2012,17:00,1,0,0,1,0
16/12/2012,17:15,3,0,0,3,0
16/12/2012,17:30,3,0,0,2,1
16/12/2012,17:45,1,0,0,0,1
16/12/2012,18:00,1,0,0,1,0
16/12/2012,18:15,1,0,0,0,1
16/12/2012,18:30,1,0,0,0,1
16/12/2012,18:45,0,0,0,0,0
16/12/2012,19:00,0,0,0,0,0
16/12/2012,19:15,0,0,0,0,0
16/12/2012,19:30,2,0,0,2,0
16/12/2012,19:45,0,0,0,0,0
16/12/2012,20:00,0,0,0,0,0
16/12/2012,20:15,0,0,0,0,0
16/12/2012,20:30,1,0,0,1,0
16/12/2012,20:45,1,0,0,0,1
16/12/2012,21:00,1,0,0,1,0
16/12/2012,21:15,0,0,0,0,0
16/12/2012,21:30,0,0,0,0,0
16/12/2012,21:45,0,0,0,0,0
16/12/2012,22:00,0,0,0,0,0
16/12/2012,22:15,0,0,0,0,0
16/12/2012,22:30,0,0,0,0,0
16/12/2012,22:45,0,0,0,0,0
16/12/2012,23:00,0,0,0,0,0
16/12/2012,23:15,0,0,0,0,0
16/12/2012,23:30,0,0,0,0,0
16/12/2012,23:45,0,0,0,0,0
17/12/2012,00:00,0,0,0,0,0
17/12/2012,00:15,0,0,0,0,0
17/12/2012,00:30,0,0,0,0,0
17/12/2012,00:45,0,0,0,0,0
17/12/2012,01:00,0,0,0,0,0
17/12/2012,01:15,0,0,0,0,0
17/12/2012,01:30,0,0,0,0,0
17/12/2012,01:45,0,0,0,0,0
17/12/2012,02:00,0,0,0,0,0
17/12/2012,02:15,0,0,0,0,0
17/12/2012,02:30,0,0,0,0,0
17/12/2012,02:45,0,0,0,0,0
17/12/2012,03:00,0,0,0,0,0
17/12/2012,03:15,0,0,0,0,0
17/12/2012,03:30,0,0,0,0,0
17/12/2012,03:45,0,0,0,0,0
17/12/2012,04:00,0,0,0,0,0
17/12/2012,04:15,0,0,0,0,0
17/12/2012,04:30,0,0,0,0,0
17/12/2012,04:45,1,0,0,1,0
17/12/2012,05:00,1,0,0,1,0
17/12/2012,05:15,4,0,0,4,0
17/12/2012,05:30,3,0,0,1,2
17/12/2012,05:45,5,0,0,4,1
17/12/2012,06:00,10,0,0,9,1
17/12/2012,06:15,10,0,0,7,3
17/12/2012,06:30,11,0,0,10,1
17/12/2012,06:45,21,0,0,20,1
17/12/2012,07:00,13,0,0,9,4
17/12/2012,07:15,13,0,0,12,1
17/12/2012,07:30,11,0,0,10,1
17/12/2012,07:45,20,0,0,19,1
17/12/2012,08:00,16,0,0,16,0
17/12/2012,08:15,19,0,0,18,1
17/12/2012,08:30,8,0,0,6,2
17/12/2012,08:45,11,0,0,11,0
17/12/2012,09:00,6,0,0,4,2
17/12/2012,09:15,1,0,0,1,0
17/12/2012,09:30,3,0,0,1,2
17/12/2012,09:45,2,0,0,1,1
17/12/2012,10:00,4,0,0,4,0
17/12/2012,10:15,1,0,0,1,0
17/12/2012,10:30,1,0,0,1,0
17/12/2012,10:45,1,0,0,1,0
17/12/2012,11:00,1,0,0,1,0
17/12/2012,11:15,5,0,0,2,3
17/12/2012,11:30,0,0,0,0,0
17/12/2012,11:45,2,0,0,1,1
17/12/2012,12:00,2,0,0,1,1
17/12/2012,12:15,2,0,0,2,0
17/12/2012,12:30,2,0,0,2,0
17/12/2012,12:45,4,0,0,2,2
17/12/2012,13:00,2,0,0,1,1
17/12/2012,13:15,3,0,0,2,1
17/12/2012,13:30,0,0,0,0,0
17/12/2012,13:45,2,0,0,1,1
17/12/2012,14:00,4,0,0,2,2
17/12/2012,14:15,1,0,0,0,1
17/12/2012,14:30,3,0,0,0,3
17/12/2012,14:45,2,0,0,0,2
17/12/2012,15:00,6,0,0,3,3
17/12/2012,15:15,4,0,0,2,2
17/12/2012,15:30,5,0,0,2,3
17/12/2012,15:45,8,0,0,5,3
17/12/2012,16:00,7,0,0,2,5
17/12/2012,16:15,14,0,0,4,10
17/12/2012,16:30,19,0,0,4,15
17/12/2012,16:45,9,0,0,3,6
17/12/2012,17:00,17,0,0,1,16
17/12/2012,17:15,12,0,0,3,9
17/12/2012,17:30,17,0,0,4,13
17/12/2012,17:45,11,0,0,1,10
17/12/2012,18:00,8,0,0,2,6
17/12/2012,18:15,14,0,0,2,12
17/12/2012,18:30,7,0,0,0,7
17/12/2012,18:45,7,0,0,0,7
17/12/2012,19:00,5,0,0,0,5
17/12/2012,19:15,2,0,0,0,2
17/12/2012,19:30,8,0,0,0,8
17/12/2012,19:45,3,0,0,0,3
17/12/2012,20:00,1,0,0,1,0
17/12/2012,20:15,2,0,0,0,2
17/12/2012,20:30,2,0,0,0,2
17/12/2012,20:45,4,0,0,1,3
17/12/2012,21:00,0,0,0,0,0
17/12/2012,21:15,0,0,0,0,0
17/12/2012,21:30,2,0,0,1,1
17/12/2012,21:45,0,0,0,0,0
17/12/2012,22:00,0,0,0,0,0
17/12/2012,22:15,0,0,0,0,0
17/12/2012,22:30,0,0,0,0,0
17/12/2012,22:45,0,0,0,0,0
17/12/2012,23:00,0,0,0,0,0
17/12/2012,23:15,0,0,0,0,0
17/12/2012,23:30,0,0,0,0,0
17/12/2012,23:45,0,0,0,0,0
18/12/2012,00:00,0,0,0,0,0
18/12/2012,00:15,0,0,0,0,0
18/12/2012,00:30,0,0,0,0,0
18/12/2012,00:45,0,0,0,0,0
18/12/2012,01:00,0,0,0,0,0
18/12/2012,01:15,0,0,0,0,0
18/12/2012,01:30,0,0,0,0,0
18/12/2012,01:45,0,0,0,0,0
18/12/2012,02:00,0,0,0,0,0
18/12/2012,02:15,0,0,0,0,0
18/12/2012,02:30,0,0,0,0,0
18/12/2012,02:45,0,0,0,0,0
18/12/2012,03:00,0,0,0,0,0
18/12/2012,03:15,0,0,0,0,0
18/12/2012,03:30,0,0,0,0,0
18/12/2012,03:45,1,0,0,0,1
18/12/2012,04:00,1,0,0,1,0
18/12/2012,04:15,0,0,0,0,0
18/12/2012,04:30,2,0,0,1,1
18/12/2012,04:45,,,,,
18/12/2012,05:00,0,0,0,0,0
18/12/2012,05:15,3,0,0,2,1
18/12/2012,05:30,3,0,0,2,1
18/12/2012,05:45,2,0,0,0,2
18/12/2012,06:00,11,0,0,10,1
18/12/2012,06:15,9,0,0,5,4
18/12/2012,06:30,22,0,0,18,4
18/12/2012,06:45,7,0,0,6,1
18/12/2012,07:00,14,0,0,13,1
18/12/2012,07:15,19,0,0,17,2
18/12/2012,07:30,15,0,0,14,1
18/12/2012,07:45,32,0,0,24,8
18/12/2012,08:00,24,0,0,19,5
18/12/2012,08:15,25,0,0,24,1
18/12/2012,08:30,22,0,0,18,4
18/12/2012,08:45,21,0,0,16,5
18/12/2012,09:00,23,0,0,18,5
18/12/2012,09:15,8,0,0,7,1
18/12/2012,09:30,15,0,0,12,3
18/12/2012,09:45,4,0,0,3,1
18/12/2012,10:00,2,0,0,1,1
18/12/2012,10:15,6,0,0,3,3
18/12/2012,10:30,7,0,0,5,2
18/12/2012,10:45,6,0,0,5,1
18/12/2012,11:00,4,0,0,1,3
18/12/2012,11:15,12,5,0,3,4
18/12/2012,11:30,12,1,0,8,3
18/12/2012,11:45,10,0,0,7,3
18/12/2012,12:00,10,0,0,6,4
18/12/2012,12:15,9,1,0,4,4
18/12/2012,12:30,14,3,0,3,8
18/12/2012,12:45,14,4,0,5,5
18/12/2012,13:00,16,3,0,6,7
18/12/2012,13:15,12,0,0,3,9
18/12/2012,13:30,23,16,0,4,3
18/12/2012,13:45,12,4,0,7,1
18/12/2012,14:00,24,22,0,2,0
18/12/2012,14:15,28,15,0,8,5
18/12/2012,14:30,18,7,0,7,4
18/12/2012,14:45,11,1,0,3,7
18/12/2012,15:00,17,11,0,3,3
18/12/2012,15:15,11,3,0,3,5
18/12/2012,15:30,10,2,0,4,4
18/12/2012,15:45,19,2,0,7,10
18/12/2012,16:00,10,0,0,2,8
18/12/2012,16:15,11,0,0,7,4
18/12/2012,16:30,21,0,0,5,16
18/12/2012,16:45,15,0,0,3,12
18/12/2012,17:00,23,0,0,6,17
18/12/2012,17:15,25,0,0,4,21
18/12/2012,17:30,24,0,0,3,21
18/12/2012,17:45,17,0,0,3,14
18/12/2012,18:00,16,0,0,2,14
18/12/2012,18:15,24,0,0,2,22
18/12/2012,18:30,25,0,0,3,22
18/12/2012,18:45,18,0,0,3,15
18/12/2012,19:00,13,0,0,3,10
18/12/2012,19:15,12,0,0,2,10
18/12/2012,19:30,9,0,0,0,9
18/12/2012,19:45,8,0,0,0,8
18/12/2012,20:00,2,0,0,0,2
18/12/2012,20:15,0,0,0,0,0
18/12/2012,20:30,3,0,0,2,1
18/12/2012,20:45,4,0,0,2,2
18/12/2012,21:00,1,0,0,0,1
18/12/2012,21:15,1,0,0,0,1
18/12/2012,21:30,2,0,0,1,1
18/12/2012,21:45,2,0,0,0,2
18/12/2012,22:00,1,0,0,0,1
18/12/2012,22:15,1,0,0,0,1
18/12/2012,22:30,0,0,0,0,0
18/12/2012,22:45,1,0,0,1,0
18/12/2012,23:00,1,0,0,0,1
18/12/2012,23:15,0,0,0,0,0
18/12/2012,23:30,0,0,0,0,0
18/12/2012,23:45,1,0,0,1,0
19/12/2012,00:00,0,0,0,0,0
19/12/2012,00:15,0,0,0,0,0
19/12/2012,00:30,0,0,0,0,0
19/12/2012,00:45,0,0,0,0,0
19/12/2012,01:00,0,0,0,0,0
19/12/2012,01:15,0,0,0,0,0
19/12/2012,01:30,0,0,0,0,0
19/12/2012,01:45,0,0,0,0,0
19/12/2012,02:00,0,0,0,0,0
19/12/2012,02:15,0,0,0,0,0
19/12/2012,02:30,0,0,0,0,0
19/12/2012,02:45,0,0,0,0,0
19/12/2012,03:00,0,0,0,0,0
19/12/2012,03:15,0,0,0,0,0
19/12/2012,03:30,1,0,0,0,1
19/12/2012,03:45,1,0,0,1,0
19/12/2012,04:00,0,0,0,0,0
19/12/2012,04:15,0,0,0,0,0
19/12/2012,04:30,0,0,0,0,0
19/12/2012,04:45,1,0,0,1,0
19/12/2012,05:00,0,0,0,0,0
19/12/2012,05:15,4,0,0,2,2
19/12/2012,05:30,1,0,0,0,1
19/12/2012,05:45,3,0,0,2,1
19/12/2012,06:00,2,0,0,1,1
19/12/2012,06:15,10,0,0,7,3
19/12/2012,06:30,12,0,0,9,3
19/12/2012,06:45,11,0,0,9,2
19/12/2012,07:00,14,0,0,13,1
19/12/2012,07:15,18,0,0,13,5
19/12/2012,07:30,15,0,0,12,3
19/12/2012,07:45,28,0,0,22,6
19/12/2012,08:00,39,0,0,36,3
19/12/2012,08:15,17,0,0,16,1
19/12/2012,08:30,19,0,0,16,3
19/12/2012,08:45,17,0,0,12,5
19/12/2012,09:00,12,0,0,8,4
19/12/2012,09:15,8,0,0,7,1
19/12/2012,09:30,8,0,0,7,1
19/12/2012,09:45,1,0,0,0,1
19/12/2012,10:00,4,0,0,4,0
19/12/2012,10:15,8,0,0,1,7
19/12/2012,10:30,4,0,0,2,2
19/12/2012,10:45,11,0,0,5,6
19/12/2012,11:00,5,0,0,2,3
19/12/2012,11:15,9,6,0,3,0
19/12/2012,11:30,4,2,0,1,1
19/12/2012,11:45,6,1,0,3,2
19/12/2012,12:00,7,2,0,5,0
19/12/2012,12:15,7,0,0,4,3
19/12/2012,12:30,7,1,0,5,1
19/12/2012,12:45,6,0,0,5,1
19/12/2012,13:00,7,0,0,2,5
19/12/2012,13:15,4,0,0,0,4
19/12/2012,13:30,5,0,0,2,3
19/12/2012,13:45,8,0,0,5,3
19/12/2012,14:00,6,0,0,4,2
19/12/2012,14:15,6,0,0,4,2
19/12/2012,14:30,6,0,0,3,3
19/12/2012,14:45,8,0,0,5,3
19/12/2012,15:00,13,0,0,9,4
19/12/2012,15:15,9,0,0,3,6
19/12/2012,15:30,8,0,0,3,5
19/12/2012,15:45,12,0,0,3,9
19/12/2012,16:00,10,0,0,4,6
19/12/2012,16:15,13,0,0,2,11
19/12/2012,16:30,18,0,0,4,14
19/12/2012,16:45,14,0,0,3,11
19/12/2012,17:00,17,0,0,3,14
19/12/2012,17:15,19,0,0,4,15
19/12/2012,17:30,20,0,0,4,16
19/12/2012,17:45,20,0,0,9,11
19/12/2012,18:00,21,0,0,2,19
19/12/2012,18:15,26,0,0,2,24
19/12/2012,18:30,18,0,0,4,14
19/12/2012,18:45,23,0,0,5,18
19/12/2012,19:00,9,0,0,1,8
19/12/2012,19:15,10,0,0,1,9
19/12/2012,19:30,7,0,0,1,6
19/12/2012,19:45,1,0,0,1,0
19/12/2012,20:00,9,0,0,1,8
19/12/2012,20:15,4,0,0,2,2
19/12/2012,20:30,2,0,0,1,1
19/12/2012,20:45,1,0,0,1,0
19/12/2012,21:00,1,0,0,0,1
19/12/2012,21:15,1,0,0,0,1
19/12/2012,21:30,0,0,0,0,0
19/12/2012,21:45,1,0,0,1,0
19/12/2012,22:00,1,0,0,0,1
19/12/2012,22:15,1,0,0,1,0
19/12/2012,22:30,0,0,0,0,0
19/12/2012,22:45,1,0,0,0,1
19/12/2012,23:00,0,0,0,0,0
19/12/2012,23:15,1,0,0,0,1
19/12/2012,23:30,0,0,0,0,0
19/12/2012,23:45,0,0,0,0,0
20/12/2012,00:00,1,0,0,0,1
20/12/2012,00:15,0,0,0,0,0
20/12/2012,00:30,0,0,0,0,0
20/12/2012,00:45,0,0,0,0,0
20/12/2012,01:00,0,0,0,0,0
20/12/2012,01:15,0,0,0,0,0
20/12/2012,01:30,1,0,0,0,1
20/12/2012,01:45,0,0,0,0,0
20/12/2012,02:00,0,0,0,0,0
20/12/2012,02:15,0,0,0,0,0
20/12/2012,02:30,0,0,0,0,0
20/12/2012,02:45,0,0,0,0,0
20/12/2012,03:00,0,0,0,0,0
20/12/2012,03:15,0,0,0,0,0
20/12/2012,03:30,0,0,0,0,0
20/12/2012,03:45,0,0,0,0,0
20/12/2012,04:00,0,0,0,0,0
20/12/2012,04:15,0,0,0,0,0
20/12/2012,04:30,0,0,0,0,0
20/12/2012,04:45,0,0,0,0,0
20/12/2012,05:00,0,0,0,0,0
20/12/2012,05:15,3,0,0,2,1
20/12/2012,05:30,3,0,0,2,1
20/12/2012,05:45,3,0,0,2,1
20/12/2012,06:00,6,0,0,4,2
20/12/2012,06:15,8,0,0,7,1
20/12/2012,06:30,8,0,0,7,1
20/12/2012,06:45,10,0,0,8,2
20/12/2012,07:00,11,0,0,11,0
20/12/2012,07:15,10,0,0,7,3
20/12/2012,07:30,14,0,0,12,2
20/12/2012,07:45,16,0,0,12,4
20/12/2012,08:00,22,0,0,17,5
20/12/2012,08:15,19,0,0,17,2
20/12/2012,08:30,19,0,0,15,4
20/12/2012,08:45,15,0,0,12,3
20/12/2012,09:00,8,0,0,6,2
20/12/2012,09:15,12,0,0,10,2
20/12/2012,09:30,5,0,0,2,3
20/12/2012,09:45,10,0,0,6,4
20/12/2012,10:00,2,0,0,2,0
20/12/2012,10:15,5,0,0,2,3
20/12/2012,10:30,5,0,0,2,3
20/12/2012,10:45,3,0,0,2,1
20/12/2012,11:00,2,0,0,1,1
20/12/2012,11:15,3,0,0,1,2
20/12/2012,11:30,3,0,0,2,1
20/12/2012,11:45,4,0,0,2,2
20/12/2012,12:00,2,0,0,0,2
20/12/2012,12:15,10,0,0,5,5
20/12/2012,12:30,2,0,0,1,1
20/12/2012,12:45,4,0,0,1,3
20/12/2012,13:00,5,0,0,4,1
20/12/2012,13:15,2,0,0,2,0
20/12/2012,13:30,5,0,0,2,3
20/12/2012,13:45,7,0,0,3,4
20/12/2012,14:00,5,0,0,3,2
20/12/2012,14:15,7,0,0,3,4
20/12/2012,14:30,7,0,0,3,4
20/12/2012,14:45,6,0,0,4,2
20/12/2012,15:00,6,0,0,2,4
20/12/2012,15:15,7,0,0,3,4
20/12/2012,15:30,9,0,0,3,6
20/12/2012,15:45,4,0,0,1,3
20/12/2012,16:00,6,0,0,4,2
20/12/2012,16:15,9,0,0,1,8
20/12/2012,16:30,7,0,0,3,4
20/12/2012,16:45,12,0,0,3,9
20/12/2012,17:00,16,0,0,3,13
20/12/2012,17:15,12,0,0,3,9
20/12/2012,17:30,19,0,0,3,16
20/12/2012,17:45,17,0,0,0,17
20/12/2012,18:00,11,0,0,1,10
20/12/2012,18:15,8,0,0,1,7
20/12/2012,18:30,8,0,0,1,7
20/12/2012,18:45,8,0,0,1,7
20/12/2012,19:00,2,0,0,0,2
20/12/2012,19:15,8,0,0,2,6
20/12/2012,19:30,5,0,0,2,3
20/12/2012,19:45,2,0,0,0,2
20/12/2012,20:00,2,0,0,0,2
20/12/2012,20:15,1,0,0,0,1
20/12/2012,20:30,2,0,0,0,2
20/12/2012,20:45,0,0,0,0,0
20/12/2012,21:00,1,0,0,0,1
20/12/2012,21:15,0,0,0,0,0
20/12/2012,21:30,1,0,0,0,1
20/12/2012,21:45,0,0,0,0,0
20/12/2012,22:00,0,0,0,0,0
20/12/2012,22:15,0,0,0,0,0
20/12/2012,22:30,0,0,0,0,0
20/12/2012,22:45,1,0,0,1,0
20/12/2012,23:00,0,0,0,0,0
20/12/2012,23:15,0,0,0,0,0
20/12/2012,23:30,1,0,0,0,1
20/12/2012,23:45,0,0,0,0,0
21/12/2012,00:00,0,0,0,0,0
21/12/2012,00:15,0,0,0,0,0
21/12/2012,00:30,0,0,0,0,0
21/12/2012,00:45,0,0,0,0,0
21/12/2012,01:00,0,0,0,0,0
21/12/2012,01:15,0,0,0,0,0
21/12/2012,01:30,0,0,0,0,0
21/12/2012,01:45,0,0,0,0,0
21/12/2012,02:00,0,0,0,0,0
21/12/2012,02:15,0,0,0,0,0
21/12/2012,02:30,0,0,0,0,0
21/12/2012,02:45,0,0,0,0,0
21/12/2012,03:00,0,0,0,0,0
21/12/2012,03:15,0,0,0,0,0
21/12/2012,03:30,0,0,0,0,0
21/12/2012,03:45,0,0,0,0,0
21/12/2012,04:00,0,0,0,0,0
21/12/2012,04:15,0,0,0,0,0
21/12/2012,04:30,0,0,0,0,0
21/12/2012,04:45,0,0,0,0,0
21/12/2012,05:00,1,0,0,1,0
21/12/2012,05:15,2,0,0,2,0
21/12/2012,05:30,1,0,0,1,0
21/12/2012,05:45,0,0,0,0,0
21/12/2012,06:00,1,0,0,1,0
21/12/2012,06:15,2,0,0,1,1
21/12/2012,06:30,6,0,0,3,3
21/12/2012,06:45,9,0,0,8,1
21/12/2012,07:00,7,0,0,6,1
21/12/2012,07:15,4,0,0,4,0
21/12/2012,07:30,15,0,0,10,5
21/12/2012,07:45,8,0,0,5,3
21/12/2012,08:00,10,0,0,9,1
21/12/2012,08:15,9,0,0,7,2
21/12/2012,08:30,10,0,0,7,3
21/12/2012,08:45,9,0,0,7,2
21/12/2012,09:00,6,0,0,4,2
21/12/2012,09:15,5,0,0,3,2
21/12/2012,09:30,8,0,0,6,2
21/12/2012,09:45,2,0,0,1,1
21/12/2012,10:00,7,0,0,7,0
21/12/2012,10:15,5,0,0,2,3
21/12/2012,10:30,4,0,0,2,2
21/12/2012,10:45,2,0,0,1,1
21/12/2012,11:00,2,0,0,2,0
21/12/2012,11:15,2,0,0,0,2
21/12/2012,11:30,1,0,0,1,0
21/12/2012,11:45,6,0,0,4,2
21/12/2012,12:00,6,0,0,5,1
21/12/2012,12:15,3,0,0,0,3
21/12/2012,12:30,1,0,0,1,0
21/12/2012,12:45,0,0,0,0,0
21/12/2012,13:00,2,0,0,2,0
21/12/2012,13:15,0,0,0,0,0
21/12/2012,13:30,4,0,0,2,2
21/12/2012,13:45,3,0,0,2,1
21/12/2012,14:00,2,0,0,1,1
21/12/2012,14:15,4,0,0,1,3
21/12/2012,14:30,4,0,0,2,2
21/12/2012,14:45,7,0,0,4,3
21/12/2012,15:00,8,0,0,0,8
21/12/2012,15:15,6,0,0,2,4
21/12/2012,15:30,5,0,0,3,2
21/12/2012,15:45,9,0,0,3,6
21/12/2012,16:00,8,0,0,1,7
21/12/2012,16:15,38,14,13,3,8
21/12/2012,16:30,15,3,4,2,6
21/12/2012,16:45,19,2,4,2,11
21/12/2012,17:00,11,2,2,0,7
21/12/2012,17:15,8,1,1,2,4
21/12/2012,17:30,11,0,1,4,6
21/12/2012,17:45,12,3,2,1,6
21/12/2012,18:00,10,0,1,1,8
21/12/2012,18:15,7,0,1,0,6
21/12/2012,18:30,6,0,0,3,3
21/12/2012,18:45,7,1,0,2,4
21/12/2012,19:00,6,1,0,1,4
21/12/2012,19:15,3,1,1,0,1
21/12/2012,19:30,1,0,0,0,1
21/12/2012,19:45,2,0,2,0,0
21/12/2012,20:00,5,1,0,2,2
21/12/2012,20:15,3,0,1,1,1
21/12/2012,20:30,1,0,0,0,1
21/12/2012,20:45,4,2,0,1,1
21/12/2012,21:00,0,0,0,0,0
21/12/2012,21:15,1,0,0,0,1
21/12/2012,21:30,1,0,1,0,0
21/12/2012,21:45,0,0,0,0,0
21/12/2012,22:00,0,0,0,0,0
21/12/2012,22:15,0,0,0,0,0
21/12/2012,22:30,0,0,0,0,0
21/12/2012,22:45,1,0,0,1,0
21/12/2012,23:00,0,0,0,0,0
21/12/2012,23:15,0,0,0,0,0
21/12/2012,23:30,1,0,0,0,1
21/12/2012,23:45,0,0,0,0,0
22/12/2012,00:00,1,0,0,0,1
22/12/2012,00:15,0,0,0,0,0
22/12/2012,00:30,0,0,0,0,0
22/12/2012,00:45,0,0,0,0,0
22/12/2012,01:00,0,0,0,0,0
22/12/2012,01:15,0,0,0,0,0
22/12/2012,01:30,0,0,0,0,0
22/12/2012,01:45,0,0,0,0,0
22/12/2012,02:00,0,0,0,0,0
22/12/2012,02:15,0,0,0,0,0
22/12/2012,02:30,0,0,0,0,0
22/12/2012,02:45,0,0,0,0,0
22/12/2012,03:00,0,0,0,0,0
22/12/2012,03:15,0,0,0,0,0
22/12/2012,03:30,0,0,0,0,0
22/12/2012,03:45,0,0,0,0,0
22/12/2012,04:00,0,0,0,0,0
22/12/2012,04:15,0,0,0,0,0
22/12/2012,04:30,0,0,0,0,0
22/12/2012,04:45,1,0,1,0,0
22/12/2012,05:00,2,0,2,0,0
22/12/2012,05:15,3,2,1,0,0
22/12/2012,05:30,1,1,0,0,0
22/12/2012,05:45,0,0,0,0,0
22/12/2012,06:00,2,1,1,0,0
22/12/2012,06:15,3,1,2,0,0
22/12/2012,06:30,1,1,0,0,0
22/12/2012,06:45,2,2,0,0,0
22/12/2012,07:00,5,2,3,0,0
22/12/2012,07:15,7,2,4,0,1
22/12/2012,07:30,18,12,4,0,2
22/12/2012,07:45,7,2,4,0,1
22/12/2012,08:00,11,4,5,2,0
22/12/2012,08:15,22,5,13,1,3
22/12/2012,08:30,11,4,7,0,0
22/12/2012,08:45,9,5,4,0,0
22/12/2012,09:00,12,6,5,1,0
22/12/2012,09:15,12,5,5,2,0
22/12/2012,09:30,12,7,3,1,1
22/12/2012,09:45,14,5,7,0,2
22/12/2012,10:00,7,1,3,1,2
22/12/2012,10:15,19,5,3,5,6
22/12/2012,10:30,12,4,3,1,4
22/12/2012,10:45,15,6,3,5,1
22/12/2012,11:00,13,3,6,2,2
22/12/2012,11:15,11,5,2,1,3
22/12/2012,11:30,10,3,5,0,2
22/12/2012,11:45,7,2,2,2,1
22/12/2012,12:00,15,2,8,3,2
22/12/2012,12:15,6,2,4,0,0
22/12/2012,12:30,4,1,1,1,1
22/12/2012,12:45,18,8,6,2,2
22/12/2012,13:00,6,2,3,1,0
22/12/2012,13:15,8,0,6,1,1
22/12/2012,13:30,6,3,2,0,1
22/12/2012,13:45,16,4,4,5,3
22/12/2012,14:00,11,5,3,1,2
22/12/2012,14:15,11,2,1,3,5
22/12/2012,14:30,16,4,6,2,4
22/12/2012,14:45,12,2,7,1,2
22/12/2012,15:00,16,4,2,7,3
22/12/2012,15:15,11,3,5,3,0
22/12/2012,15:30,14,3,5,3,3
22/12/2012,15:45,12,6,2,3,1
22/12/2012,16:00,10,4,3,1,2
22/12/2012,16:15,11,3,4,3,1
22/12/2012,16:30,12,4,5,1,2
22/12/2012,16:45,12,3,2,1,6
22/12/2012,17:00,12,6,5,0,1
22/12/2012,17:15,4,1,1,1,1
22/12/2012,17:30,4,1,1,0,2
22/12/2012,17:45,1,1,0,0,0
22/12/2012,18:00,1,0,0,0,1
22/12/2012,18:15,1,1,0,0,0
22/12/2012,18:30,0,0,0,0,0
22/12/2012,18:45,2,0,0,0,2
22/12/2012,19:00,0,0,0,0,0
22/12/2012,19:15,0,0,0,0,0
22/12/2012,19:30,0,0,0,0,0
22/12/2012,19:45,0,0,0,0,0
22/12/2012,20:00,0,0,0,0,0
22/12/2012,20:15,0,0,0,0,0
22/12/2012,20:30,0,0,0,0,0
22/12/2012,20:45,0,0,0,0,0
22/12/2012,21:00,1,0,1,0,0
22/12/2012,21:15,0,0,0,0,0
22/12/2012,21:30,0,0,0,0,0
22/12/2012,21:45,0,0,0,0,0
22/12/2012,22:00,1,1,0,0,0
22/12/2012,22:15,2,1,1,0,0
22/12/2012,22:30,0,0,0,0,0
22/12/2012,22:45,0,0,0,0,0
22/12/2012,23:00,0,0,0,0,0
22/12/2012,23:15,0,0,0,0,0
22/12/2012,23:30,0,0,0,0,0
22/12/2012,23:45,0,0,0,0,0
23/12/2012,00:00,0,0,0,0,0
23/12/2012,00:15,0,0,0,0,0
23/12/2012,00:30,0,0,0,0,0
23/12/2012,00:45,0,0,0,0,0
23/12/2012,01:00,0,0,0,0,0
23/12/2012,01:15,0,0,0,0,0
23/12/2012,01:30,0,0,0,0,0
23/12/2012,01:45,0,0,0,0,0
23/12/2012,02:00,0,0,0,0,0
23/12/2012,02:15,0,0,0,0,0
23/12/2012,02:30,0,0,0,0,0
23/12/2012,02:45,0,0,0,0,0
23/12/2012,03:00,0,0,0,0,0
23/12/2012,03:15,0,0,0,0,0
23/12/2012,03:30,0,0,0,0,0
23/12/2012,03:45,0,0,0,0,0
23/12/2012,04:00,0,0,0,0,0
23/12/2012,04:15,0,0,0,0,0
23/12/2012,04:30,0,0,0,0,0
23/12/2012,04:45,0,0,0,0,0
23/12/2012,05:00,0,0,0,0,0
23/12/2012,05:15,1,0,1,0,0
23/12/2012,05:30,1,1,0,0,0
23/12/2012,05:45,0,0,0,0,0
23/12/2012,06:00,2,1,1,0,0
23/12/2012,06:15,2,1,0,1,0
23/12/2012,06:30,0,0,0,0,0
23/12/2012,06:45,0,0,0,0,0
23/12/2012,07:00,9,1,0,5,3
23/12/2012,07:15,1,0,1,0,0
23/12/2012,07:30,9,3,6,0,0
23/12/2012,07:45,8,5,2,0,1
23/12/2012,08:00,11,3,5,2,1
23/12/2012,08:15,10,4,3,1,2
23/12/2012,08:30,22,4,17,1,0
23/12/2012,08:45,21,6,12,1,2
23/12/2012,09:00,23,10,4,1,8
23/12/2012,09:15,37,15,11,7,4
23/12/2012,09:30,40,22,13,3,2
23/12/2012,09:45,13,7,4,1,1
23/12/2012,10:00,27,7,7,7,6
23/12/2012,10:15,21,5,7,5,4
23/12/2012,10:30,24,8,9,5,2
23/12/2012,10:45,26,12,6,6,2
23/12/2012,11:00,29,8,5,10,6
23/12/2012,11:15,29,5,8,9,7
23/12/2012,11:30,23,5,4,5,9
23/12/2012,11:45,31,12,10,5,4
23/12/2012,12:00,40,13,9,6,12
23/12/2012,12:15,30,7,8,3,12
23/12/2012,12:30,33,6,7,11,9
23/12/2012,12:45,33,4,7,15,7
23/12/2012,13:00,30,5,5,7,13
23/12/2012,13:15,28,11,1,9,7
23/12/2012,13:30,18,2,5,5,6
23/12/2012,13:45,32,3,4,10,15
23/12/2012,14:00,23,4,2,11,6
23/12/2012,14:15,29,8,6,7,8
23/12/2012,14:30,27,7,8,6,6
23/12/2012,14:45,36,5,9,14,8
23/12/2012,15:00,34,5,10,11,8
23/12/2012,15:15,20,4,3,5,8
23/12/2012,15:30,22,4,5,8,5
23/12/2012,15:45,30,5,6,11,8
23/12/2012,16:00,17,7,4,4,2
23/12/2012,16:15,9,2,3,1,3
23/12/2012,16:30,18,7,8,1,2
23/12/2012,16:45,19,4,5,4,6
23/12/2012,17:00,12,4,3,5,0
23/12/2012,17:15,10,3,4,1,2
23/12/2012,17:30,10,5,3,1,1
23/12/2012,17:45,5,2,1,1,1
23/12/2012,18:00,6,1,3,1,1
23/12/2012,18:15,3,2,0,1,0
23/12/2012,18:30,3,1,0,0,2
23/12/2012,18:45,1,0,0,1,0
23/12/2012,19:00,2,0,0,1,1
23/12/2012,19:15,0,0,0,0,0
23/12/2012,19:30,3,1,0,1,1
23/12/2012,19:45,5,2,1,1,1
23/12/2012,20:00,2,2,0,0,0
23/12/2012,20:15,0,0,0,0,0
23/12/2012,20:30,0,0,0,0,0
23/12/2012,20:45,0,0,0,0,0
23/12/2012,21:00,0,0,0,0,0
23/12/2012,21:15,0,0,0,0,0
23/12/2012,21:30,0,0,0,0,0
23/12/2012,21:45,0,0,0,0,0
23/12/2012,22:00,0,0,0,0,0
23/12/2012,22:15,0,0,0,0,0
23/12/2012,22:30,0,0,0,0,0
23/12/2012,22:45,0,0,0,0,0
23/12/2012,23:00,0,0,0,0,0
23/12/2012,23:15,1,0,1,0,0
23/12/2012,23:30,0,0,0,0,0
23/12/2012,23:45,0,0,0,0,0
24/12/2012,00:00,0,0,0,0,0
24/12/2012,00:15,0,0,0,0,0
24/12/2012,00:30,0,0,0,0,0
24/12/2012,00:45,0,0,0,0,0
24/12/2012,01:00,0,0,0,0,0
24/12/2012,01:15,0,0,0,0,0
24/12/2012,01:30,0,0,0,0,0
24/12/2012,01:45,0,0,0,0,0
24/12/2012,02:00,0,0,0,0,0
24/12/2012,02:15,0,0,0,0,0
24/12/2012,02:30,0,0,0,0,0
24/12/2012,02:45,1,1,0,0,0
24/12/2012,03:00,0,0,0,0,0
24/12/2012,03:15,0,0,0,0,0
24/12/2012,03:30,0,0,0,0,0
24/12/2012,03:45,1,0,0,0,1
24/12/2012,04:00,1,0,0,1,0
24/12/2012,04:15,1,1,0,0,0
24/12/2012,04:30,2,0,2,0,0
24/12/2012,04:45,0,0,0,0,0
24/12/2012,05:00,2,1,0,0,1
24/12/2012,05:15,2,1,1,0,0
24/12/2012,05:30,0,0,0,0,0
24/12/2012,05:45,2,1,1,0,0
24/12/2012,06:00,2,1,0,1,0
24/12/2012,06:15,5,1,2,1,1
24/12/2012,06:30,3,1,1,1,0
24/12/2012,06:45,3,0,1,1,1
24/12/2012,07:00,9,4,4,1,0
24/12/2012,07:15,3,0,3,0,0
24/12/2012,07:30,11,6,4,1,0
24/12/2012,07:45,9,5,2,1,1
24/12/2012,08:00,15,5,9,0,1
24/12/2012,08:15,10,4,5,0,1
24/12/2012,08:30,11,5,5,1,0
24/12/2012,08:45,6,2,2,0,2
24/12/2012,09:00,7,3,1,3,0
24/12/2012,09:15,6,4,1,1,0
24/12/2012,09:30,9,1,3,4,1
24/12/2012,09:45,19,3,7,4,5
24/12/2012,10:00,15,5,5,3,2
24/12/2012,10:15,19,8,6,2,3
24/12/2012,10:30,16,6,6,2,2
24/12/2012,10:45,17,5,2,5,5
24/12/2012,11:00,18,4,5,3,6
24/12/2012,11:15,25,8,8,3,6
24/12/2012,11:30,17,5,7,3,2
24/12/2012,11:45,17,6,3,5,3
24/12/2012,12:00,14,7,4,0,3
24/12/2012,12:15,12,3,4,3,2
24/12/2012,12:30,13,3,2,4,4
24/12/2012,12:45,9,3,1,1,4
24/12/2012,13:00,9,1,5,3,0
24/12/2012,13:15,14,7,5,0,2
24/12/2012,13:30,9,0,5,2,2
24/12/2012,13:45,11,7,1,3,0
24/12/2012,14:00,8,2,6,0,0
24/12/2012,14:15,7,6,0,1,0
24/12/2012,14:30,8,2,4,0,2
24/12/2012,14:45,14,2,4,3,5
24/12/2012,15:00,7,0,3,1,3
24/12/2012,15:15,3,1,2,0,0
24/12/2012,15:30,11,4,0,3,4
24/12/2012,15:45,6,3,2,1,0
24/12/2012,16:00,2,2,0,0,0
24/12/2012,16:15,6,0,4,0,2
24/12/2012,16:30,1,0,0,1,0
24/12/2012,16:45,4,0,1,2,1
24/12/2012,17:00,1,0,0,1,0
24/12/2012,17:15,1,0,1,0,0
24/12/2012,17:30,2,1,0,1,0
24/12/2012,17:45,1,0,1,0,0
24/12/2012,18:00,0,0,0,0,0
24/12/2012,18:15,0,0,0,0,0
24/12/2012,18:30,1,1,0,0,0
24/12/2012,18:45,0,0,0,0,0
24/12/2012,19:00,0,0,0,0,0
24/12/2012,19:15,2,1,1,0,0
24/12/2012,19:30,0,0,0,0,0
24/12/2012,19:45,0,0,0,0,0
24/12/2012,20:00,0,0,0,0,0
24/12/2012,20:15,0,0,0,0,0
24/12/2012,20:30,1,0,0,1,0
24/12/2012,20:45,0,0,0,0,0
24/12/2012,21:00,0,0,0,0,0
24/12/2012,21:15,0,0,0,0,0
24/12/2012,21:30,0,0,0,0,0
24/12/2012,21:45,1,1,0,0,0
24/12/2012,22:00,1,0,1,0,0
24/12/2012,22:15,0,0,0,0,0
24/12/2012,22:30,2,1,0,0,1
24/12/2012,22:45,0,0,0,0,0
24/12/2012,23:00,0,0,0,0,0
24/12/2012,23:15,0,0,0,0,0
24/12/2012,23:30,0,0,0,0,0
24/12/2012,23:45,0,0,0,0,0
25/12/2012,00:00,0,0,0,0,0
25/12/2012,00:15,1,1,0,0,0
25/12/2012,00:30,0,0,0,0,0
25/12/2012,00:45,0,0,0,0,0
25/12/2012,01:00,0,0,0,0,0
25/12/2012,01:15,0,0,0,0,0
25/12/2012,01:30,0,0,0,0,0
25/12/2012,01:45,0,0,0,0,0
25/12/2012,02:00,0,0,0,0,0
25/12/2012,02:15,0,0,0,0,0
25/12/2012,02:30,0,0,0,0,0
25/12/2012,02:45,0,0,0,0,0
25/12/2012,03:00,0,0,0,0,0
25/12/2012,03:15,0,0,0,0,0
25/12/2012,03:30,0,0,0,0,0
25/12/2012,03:45,0,0,0,0,0
25/12/2012,04:00,0,0,0,0,0
25/12/2012,04:15,0,0,0,0,0
25/12/2012,04:30,0,0,0,0,0
25/12/2012,04:45,1,0,1,0,0
25/12/2012,05:00,0,0,0,0,0
25/12/2012,05:15,1,1,0,0,0
25/12/2012,05:30,0,0,0,0,0
25/12/2012,05:45,0,0,0,0,0
25/12/2012,06:00,0,0,0,0,0
25/12/2012,06:15,1,1,0,0,0
25/12/2012,06:30,0,0,0,0,0
25/12/2012,06:45,1,0,1,0,0
25/12/2012,07:00,2,0,1,1,0
25/12/2012,07:15,5,1,4,0,0
25/12/2012,07:30,4,0,4,0,0
25/12/2012,07:45,3,2,1,0,0
25/12/2012,08:00,4,1,2,1,0
25/12/2012,08:15,7,2,2,1,2
25/12/2012,08:30,8,2,3,2,1
25/12/2012,08:45,8,5,3,0,0
25/12/2012,09:00,7,3,3,1,0
25/12/2012,09:15,8,1,2,2,3
25/12/2012,09:30,8,4,3,0,1
25/12/2012,09:45,14,4,4,3,3
25/12/2012,10:00,4,2,0,0,2
25/12/2012,10:15,14,5,6,2,1
25/12/2012,10:30,17,3,10,2,2
25/12/2012,10:45,17,9,5,1,2
25/12/2012,11:00,19,10,2,1,6
25/12/2012,11:15,19,7,6,6,0
25/12/2012,11:30,32,11,10,9,2
25/12/2012,11:45,41,6,15,9,11
25/12/2012,12:00,22,4,6,5,7
25/12/2012,12:15,21,10,7,0,4
25/12/2012,12:30,32,4,14,6,8
25/12/2012,12:45,29,8,11,6,4
25/12/2012,13:00,29,9,7,10,3
25/12/2012,13:15,26,6,11,8,1
25/12/2012,13:30,25,11,4,5,5
25/12/2012,13:45,15,1,6,5,3
25/12/2012,14:00,33,11,7,6,9
25/12/2012,14:15,36,7,9,10,10
25/12/2012,14:30,31,6,6,14,5
25/12/2012,14:45,22,4,2,6,10
25/12/2012,15:00,27,4,7,7,9
25/12/2012,15:15,36,9,11,9,7
25/12/2012,15:30,27,11,6,7,3
25/12/2012,15:45,26,7,9,3,7
25/12/2012,16:00,22,7,6,2,7
25/12/2012,16:15,15,1,5,5,4
25/12/2012,16:30,22,7,5,6,4
25/12/2012,16:45,8,4,0,1,3
25/12/2012,17:00,7,2,3,0,2
25/12/2012,17:15,3,0,0,3,0
25/12/2012,17:30,0,0,0,0,0
25/12/2012,17:45,2,1,0,0,1
25/12/2012,18:00,3,1,1,0,1
25/12/2012,18:15,3,2,1,0,0
25/12/2012,18:30,2,1,1,0,0
25/12/2012,18:45,1,1,0,0,0
25/12/2012,19:00,0,0,0,0,0
25/12/2012,19:15,0,0,0,0,0
25/12/2012,19:30,0,0,0,0,0
25/12/2012,19:45,0,0,0,0,0
25/12/2012,20:00,0,0,0,0,0
25/12/2012,20:15,0,0,0,0,0
25/12/2012,20:30,0,0,0,0,0
25/12/2012,20:45,1,0,1,0,0
25/12/2012,21:00,0,0,0,0,0
25/12/2012,21:15,0,0,0,0,0
25/12/2012,21:30,1,0,0,0,1
25/12/2012,21:45,1,0,0,0,1
25/12/2012,22:00,0,0,0,0,0
25/12/2012,22:15,0,0,0,0,0
25/12/2012,22:30,0,0,0,0,0
25/12/2012,22:45,0,0,0,0,0
25/12/2012,23:00,0,0,0,0,0
25/12/2012,23:15,0,0,0,0,0
25/12/2012,23:30,0,0,0,0,0
25/12/2012,23:45,0,0,0,0,0
26/12/2012,00:00,0,0,0,0,0
26/12/2012,00:15,0,0,0,0,0
26/12/2012,00:30,0,0,0,0,0
26/12/2012,00:45,0,0,0,0,0
26/12/2012,01:00,0,0,0,0,0
26/12/2012,01:15,0,0,0,0,0
26/12/2012,01:30,0,0,0,0,0
26/12/2012,01:45,0,0,0,0,0
26/12/2012,02:00,0,0,0,0,0
26/12/2012,02:15,0,0,0,0,0
26/12/2012,02:30,0,0,0,0,0
26/12/2012,02:45,0,0,0,0,0
26/12/2012,03:00,0,0,0,0,0
26/12/2012,03:15,0,0,0,0,0
26/12/2012,03:30,0,0,0,0,0
26/12/2012,03:45,0,0,0,0,0
26/12/2012,04:00,0,0,0,0,0
26/12/2012,04:15,0,0,0,0,0
26/12/2012,04:30,2,0,1,1,0
26/12/2012,04:45,0,0,0,0,0
26/12/2012,05:00,2,2,0,0,0
26/12/2012,05:15,0,0,0,0,0
26/12/2012,05:30,2,1,1,0,0
26/12/2012,05:45,2,1,1,0,0
26/12/2012,06:00,5,1,2,2,0
26/12/2012,06:15,2,0,0,2,0
26/12/2012,06:30,1,1,0,0,0
26/12/2012,06:45,1,0,0,1,0
26/12/2012,07:00,2,0,0,0,2
26/12/2012,07:15,2,1,0,1,0
26/12/2012,07:30,4,0,1,2,1
26/12/2012,07:45,7,3,2,1,1
26/12/2012,08:00,0,0,0,0,0
26/12/2012,08:15,2,1,1,0,0
26/12/2012,08:30,1,0,1,0,0
26/12/2012,08:45,1,0,0,1,0
26/12/2012,09:00,4,2,1,1,0
26/12/2012,09:15,4,1,2,1,0
26/12/2012,09:30,2,0,2,0,0
26/12/2012,09:45,3,1,1,0,1
26/12/2012,10:00,3,3,0,0,0
26/12/2012,10:15,0,0,0,0,0
26/12/2012,10:30,2,1,1,0,0
26/12/2012,10:45,1,0,1,0,0
26/12/2012,11:00,1,1,0,0,0
26/12/2012,11:15,0,0,0,0,0
26/12/2012,11:30,3,1,2,0,0
26/12/2012,11:45,2,1,1,0,0
26/12/2012,12:00,1,0,1,0,0
26/12/2012,12:15,0,0,0,0,0
26/12/2012,12:30,0,0,0,0,0
26/12/2012,12:45,0,0,0,0,0
26/12/2012,13:00,0,0,0,0,0
26/12/2012,13:15,1,0,0,1,0
26/12/2012,13:30,2,1,1,0,0
26/12/2012,13:45,1,1,0,0,0
26/12/2012,14:00,1,0,1,0,0
26/12/2012,14:15,0,0,0,0,0
26/12/2012,14:30,0,0,0,0,0
26/12/2012,14:45,2,1,1,0,0
26/12/2012,15:00,0,0,0,0,0
26/12/2012,15:15,2,1,1,0,0
26/12/2012,15:30,3,1,2,0,0
26/12/2012,15:45,3,1,2,0,0
26/12/2012,16:00,2,0,1,0,1
26/12/2012,16:15,0,0,0,0,0
26/12/2012,16:30,0,0,0,0,0
26/12/2012,16:45,1,0,0,0,1
26/12/2012,17:00,0,0,0,0,0
26/12/2012,17:15,0,0,0,0,0
26/12/2012,17:30,0,0,0,0,0
26/12/2012,17:45,1,0,1,0,0
26/12/2012,18:00,1,0,1,0,0
26/12/2012,18:15,2,1,0,0,1
26/12/2012,18:30,0,0,0,0,0
26/12/2012,18:45,0,0,0,0,0
26/12/2012,19:00,3,1,1,0,1
26/12/2012,19:15,0,0,0,0,0
26/12/2012,19:30,0,0,0,0,0
26/12/2012,19:45,0,0,0,0,0
26/12/2012,20:00,1,0,0,0,1
26/12/2012,20:15,0,0,0,0,0
26/12/2012,20:30,0,0,0,0,0
26/12/2012,20:45,0,0,0,0,0
26/12/2012,21:00,0,0,0,0,0
26/12/2012,21:15,0,0,0,0,0
26/12/2012,21:30,2,1,1,0,0
26/12/2012,21:45,0,0,0,0,0
26/12/2012,22:00,0,0,0,0,0
26/12/2012,22:15,1,0,0,0,1
26/12/2012,22:30,0,0,0,0,0
26/12/2012,22:45,0,0,0,0,0
26/12/2012,23:00,0,0,0,0,0
26/12/2012,23:15,0,0,0,0,0
26/12/2012,23:30,0,0,0,0,0
26/12/2012,23:45,0,0,0,0,0
27/12/2012,00:00,0,0,0,0,0
27/12/2012,00:15,0,0,0,0,0
27/12/2012,00:30,0,0,0,0,0
27/12/2012,00:45,0,0,0,0,0
27/12/2012,01:00,0,0,0,0,0
27/12/2012,01:15,0,0,0,0,0
27/12/2012,01:30,0,0,0,0,0
27/12/2012,01:45,0,0,0,0,0
27/12/2012,02:00,0,0,0,0,0
27/12/2012,02:15,0,0,0,0,0
27/12/2012,02:30,0,0,0,0,0
27/12/2012,02:45,0,0,0,0,0
27/12/2012,03:00,0,0,0,0,0
27/12/2012,03:15,0,0,0,0,0
27/12/2012,03:30,0,0,0,0,0
27/12/2012,03:45,0,0,0,0,0
27/12/2012,04:00,0,0,0,0,0
27/12/2012,04:15,0,0,0,0,0
27/12/2012,04:30,1,0,1,0,0
27/12/2012,04:45,1,0,1,0,0
27/12/2012,05:00,1,1,0,0,0
27/12/2012,05:15,1,0,1,0,0
27/12/2012,05:30,2,0,0,1,1
27/12/2012,05:45,0,0,0,0,0
27/12/2012,06:00,6,0,6,0,0
27/12/2012,06:15,9,5,1,1,2
27/12/2012,06:30,5,4,1,0,0
27/12/2012,06:45,5,1,3,1,0
27/12/2012,07:00,16,3,6,5,2
27/12/2012,07:15,8,1,4,3,0
27/12/2012,07:30,3,2,1,0,0
27/12/2012,07:45,14,4,5,5,0
27/12/2012,08:00,13,7,2,3,1
27/12/2012,08:15,9,3,4,0,2
27/12/2012,08:30,14,3,4,6,1
27/12/2012,08:45,11,4,4,3,0
27/12/2012,09:00,5,1,2,2,0
27/12/2012,09:15,15,3,6,5,1
27/12/2012,09:30,7,3,2,1,1
27/12/2012,09:45,10,5,3,1,1
27/12/2012,10:00,10,6,1,1,2
27/12/2012,10:15,16,3,4,7,2
27/12/2012,10:30,11,3,6,2,0
27/12/2012,10:45,13,4,4,4,1
27/12/2012,11:00,6,2,2,1,1
27/12/2012,11:15,5,1,2,2,0
27/12/2012,11:30,6,4,1,0,1
27/12/2012,11:45,9,5,3,1,0
27/12/2012,12:00,7,3,2,1,1
27/12/2012,12:15,4,1,0,1,2
27/12/2012,12:30,6,2,2,2,0
27/12/2012,12:45,7,3,2,0,2
27/12/2012,13:00,10,6,3,1,0
27/12/2012,13:15,10,5,3,2,0
27/12/2012,13:30,11,4,5,0,2
27/12/2012,13:45,10,3,2,2,3
27/12/2012,14:00,4,0,3,1,0
27/12/2012,14:15,10,3,4,1,2
27/12/2012,14:30,7,2,2,3,0
27/12/2012,14:45,2,1,1,0,0
27/12/2012,15:00,9,2,2,0,5
27/12/2012,15:15,8,2,2,2,2
27/12/2012,15:30,9,3,2,3,1
27/12/2012,15:45,16,1,7,4,4
27/12/2012,16:00,7,4,0,0,3
27/12/2012,16:15,15,4,4,5,2
27/12/2012,16:30,20,5,4,5,6
27/12/2012,16:45,9,0,3,0,6
27/12/2012,17:00,12,5,3,1,3
27/12/2012,17:15,12,1,5,3,3
27/12/2012,17:30,7,1,2,1,3
27/12/2012,17:45,5,0,1,1,3
27/12/2012,18:00,5,1,0,0,4
27/12/2012,18:15,8,1,2,0,5
27/12/2012,18:30,1,0,0,0,1
27/12/2012,18:45,2,0,0,1,1
27/12/2012,19:00,5,0,1,0,4
27/12/2012,19:15,2,0,1,1,0
27/12/2012,19:30,0,0,0,0,0
27/12/2012,19:45,1,0,0,0,1
27/12/2012,20:00,2,1,1,0,0
27/12/2012,20:15,0,0,0,0,0
27/12/2012,20:30,0,0,0,0,0
27/12/2012,20:45,0,0,0,0,0
27/12/2012,21:00,1,0,0,1,0
27/12/2012,21:15,2,0,0,0,2
27/12/2012,21:30,1,1,0,0,0
27/12/2012,21:45,1,1,0,0,0
27/12/2012,22:00,0,0,0,0,0
27/12/2012,22:15,0,0,0,0,0
27/12/2012,22:30,0,0,0,0,0
27/12/2012,22:45,0,0,0,0,0
27/12/2012,23:00,0,0,0,0,0
27/12/2012,23:15,0,0,0,0,0
27/12/2012,23:30,0,0,0,0,0
27/12/2012,23:45,0,0,0,0,0
28/12/2012,00:00,1,0,0,0,1
28/12/2012,00:15,0,0,0,0,0
28/12/2012,00:30,0,0,0,0,0
28/12/2012,00:45,0,0,0,0,0
28/12/2012,01:00,0,0,0,0,0
28/12/2012,01:15,0,0,0,0,0
28/12/2012,01:30,0,0,0,0,0
28/12/2012,01:45,0,0,0,0,0
28/12/2012,02:00,0,0,0,0,0
28/12/2012,02:15,0,0,0,0,0
28/12/2012,02:30,0,0,0,0,0
28/12/2012,02:45,0,0,0,0,0
28/12/2012,03:00,1,1,0,0,0
28/12/2012,03:15,0,0,0,0,0
28/12/2012,03:30,1,0,1,0,0
28/12/2012,03:45,0,0,0,0,0
28/12/2012,04:00,0,0,0,0,0
28/12/2012,04:15,0,0,0,0,0
28/12/2012,04:30,1,0,0,0,1
28/12/2012,04:45,2,0,2,0,0
28/12/2012,05:00,2,1,1,0,0
28/12/2012,05:15,0,0,0,0,0
28/12/2012,05:30,0,0,0,0,0
28/12/2012,05:45,0,0,0,0,0
28/12/2012,06:00,4,1,2,0,1
28/12/2012,06:15,7,1,1,4,1
28/12/2012,06:30,11,2,4,5,0
28/12/2012,06:45,6,1,0,4,1
28/12/2012,07:00,11,2,1,6,2
28/12/2012,07:15,18,7,6,4,1
28/12/2012,07:30,14,4,6,4,0
28/12/2012,07:45,15,4,5,5,1
28/12/2012,08:00,18,4,3,10,1
28/12/2012,08:15,7,2,1,3,1
28/12/2012,08:30,11,1,3,5,2
28/12/2012,08:45,12,4,2,3,3
28/12/2012,09:00,14,5,5,4,0
28/12/2012,09:15,19,10,4,3,2
28/12/2012,09:30,12,6,2,3,1
28/12/2012,09:45,16,2,2,4,8
28/12/2012,10:00,8,1,4,0,3
28/12/2012,10:15,10,5,4,0,1
28/12/2012,10:30,7,0,3,3,1
28/12/2012,10:45,18,7,3,1,7
28/12/2012,11:00,14,4,4,5,1
28/12/2012,11:15,7,1,0,4,2
28/12/2012,11:30,17,5,5,3,4
28/12/2012,11:45,14,7,3,2,2
28/12/2012,12:00,12,5,5,1,1
28/12/2012,12:15,14,2,5,4,3
28/12/2012,12:30,10,1,4,5,0
28/12/2012,12:45,15,3,4,2,6
28/12/2012,13:00,30,11,11,5,3
28/12/2012,13:15,10,2,0,7,1
28/12/2012,13:30,22,4,3,11,4
28/12/2012,13:45,14,6,2,3,3
28/12/2012,14:00,18,4,6,3,5
28/12/2012,14:15,12,1,3,5,3
28/12/2012,14:30,18,5,4,5,4
28/12/2012,14:45,16,3,1,3,9
28/12/2012,15:00,15,0,2,6,7
28/12/2012,15:15,37,9,5,13,10
28/12/2012,15:30,17,5,4,3,5
28/12/2012,15:45,22,3,7,7,5
28/12/2012,16:00,22,3,7,3,9
28/12/2012,16:15,21,7,4,4,6
28/12/2012,16:30,22,6,4,0,12
28/12/2012,16:45,32,5,3,10,14
28/12/2012,17:00,13,3,2,4,4
28/12/2012,17:15,10,2,2,4,2
28/12/2012,17:30,10,3,2,2,3
28/12/2012,17:45,10,1,3,0,6
28/12/2012,18:00,11,0,1,0,10
28/12/2012,18:15,4,2,0,0,2
28/12/2012,18:30,6,1,3,0,2
28/12/2012,18:45,3,0,0,1,2
28/12/2012,19:00,7,1,1,1,4
28/12/2012,19:15,4,1,1,1,1
28/12/2012,19:30,6,1,1,2,2
28/12/2012,19:45,1,0,0,0,1
28/12/2012,20:00,0,0,0,0,0
28/12/2012,20:15,1,0,0,1,0
28/12/2012,20:30,1,0,0,0,1
28/12/2012,20:45,1,1,0,0,0
28/12/2012,21:00,1,0,0,0,1
28/12/2012,21:15,0,0,0,0,0
28/12/2012,21:30,1,0,0,0,1
28/12/2012,21:45,2,0,0,1,1
28/12/2012,22:00,0,0,0,0,0
28/12/2012,22:15,0,0,0,0,0
28/12/2012,22:30,1,0,0,1,0
28/12/2012,22:45,0,0,0,0,0
28/12/2012,23:00,0,0,0,0,0
28/12/2012,23:15,0,0,0,0,0
28/12/2012,23:30,0,0,0,0,0
28/12/2012,23:45,0,0,0,0,0
29/12/2012,00:00,0,0,0,0,0
29/12/2012,00:15,0,0,0,0,0
29/12/2012,00:30,0,0,0,0,0
29/12/2012,00:45,0,0,0,0,0
29/12/2012,01:00,1,1,0,0,0
29/12/2012,01:15,0,0,0,0,0
29/12/2012,01:30,0,0,0,0,0
29/12/2012,01:45,0,0,0,0,0
29/12/2012,02:00,0,0,0,0,0
29/12/2012,02:15,1,0,0,0,1
29/12/2012,02:30,0,0,0,0,0
29/12/2012,02:45,0,0,0,0,0
29/12/2012,03:00,0,0,0,0,0
29/12/2012,03:15,0,0,0,0,0
29/12/2012,03:30,0,0,0,0,0
29/12/2012,03:45,0,0,0,0,0
29/12/2012,04:00,0,0,0,0,0
29/12/2012,04:15,0,0,0,0,0
29/12/2012,04:30,0,0,0,0,0
29/12/2012,04:45,1,0,1,0,0
29/12/2012,05:00,1,1,0,0,0
29/12/2012,05:15,2,1,1,0,0
29/12/2012,05:30,0,0,0,0,0
29/12/2012,05:45,0,0,0,0,0
29/12/2012,06:00,2,2,0,0,0
29/12/2012,06:15,1,1,0,0,0
29/12/2012,06:30,0,0,0,0,0
29/12/2012,06:45,0,0,0,0,0
29/12/2012,07:00,0,0,0,0,0
29/12/2012,07:15,8,3,3,1,1
29/12/2012,07:30,7,3,4,0,0
29/12/2012,07:45,8,3,5,0,0
29/12/2012,08:00,9,6,2,1,0
29/12/2012,08:15,11,6,3,2,0
29/12/2012,08:30,17,6,10,0,1
29/12/2012,08:45,5,2,3,0,0
29/12/2012,09:00,9,5,2,2,0
29/12/2012,09:15,12,3,5,1,3
29/12/2012,09:30,9,3,4,1,1
29/12/2012,09:45,11,4,5,0,2
29/12/2012,10:00,6,4,1,0,1
29/12/2012,10:15,4,4,0,0,0
29/12/2012,10:30,8,2,4,1,1
29/12/2012,10:45,7,4,2,1,0
29/12/2012,11:00,4,1,3,0,0
29/12/2012,11:15,5,4,1,0,0
29/12/2012,11:30,4,2,1,1,0
29/12/2012,11:45,10,3,4,1,2
29/12/2012,12:00,8,4,3,1,0
29/12/2012,12:15,6,1,3,2,0
29/12/2012,12:30,5,1,0,2,2
29/12/2012,12:45,3,3,0,0,0
29/12/2012,13:00,7,3,3,0,1
29/12/2012,13:15,3,1,2,0,0
29/12/2012,13:30,3,1,1,1,0
29/12/2012,13:45,8,3,3,0,2
29/12/2012,14:00,7,1,6,0,0
29/12/2012,14:15,11,4,5,2,0
29/12/2012,14:30,6,5,1,0,0
29/12/2012,14:45,14,3,7,2,2
29/12/2012,15:00,13,6,2,3,2
29/12/2012,15:15,14,7,4,1,2
29/12/2012,15:30,16,6,6,1,3
29/12/2012,15:45,11,4,4,2,1
29/12/2012,16:00,20,8,8,3,1
29/12/2012,16:15,15,9,4,1,1
29/12/2012,16:30,11,4,2,4,1
29/12/2012,16:45,11,3,4,2,2
29/12/2012,17:00,10,3,5,2,0
29/12/2012,17:15,7,2,2,2,1
29/12/2012,17:30,3,0,2,0,1
29/12/2012,17:45,0,0,0,0,0
29/12/2012,18:00,1,1,0,0,0
29/12/2012,18:15,2,2,0,0,0
29/12/2012,18:30,3,0,1,0,2
29/12/2012,18:45,0,0,0,0,0
29/12/2012,19:00,1,0,0,0,1
29/12/2012,19:15,1,0,1,0,0
29/12/2012,19:30,0,0,0,0,0
29/12/2012,19:45,0,0,0,0,0
29/12/2012,20:00,0,0,0,0,0
29/12/2012,20:15,1,1,0,0,0
29/12/2012,20:30,1,0,1,0,0
29/12/2012,20:45,1,1,0,0,0
29/12/2012,21:00,0,0,0,0,0
29/12/2012,21:15,0,0,0,0,0
29/12/2012,21:30,0,0,0,0,0
29/12/2012,21:45,0,0,0,0,0
29/12/2012,22:00,1,0,1,0,0
29/12/2012,22:15,1,0,1,0,0
29/12/2012,22:30,2,2,0,0,0
29/12/2012,22:45,0,0,0,0,0
29/12/2012,23:00,0,0,0,0,0
29/12/2012,23:15,0,0,0,0,0
29/12/2012,23:30,0,0,0,0,0
29/12/2012,23:45,0,0,0,0,0
30/12/2012,00:00,0,0,0,0,0
30/12/2012,00:15,0,0,0,0,0
30/12/2012,00:30,0,0,0,0,0
30/12/2012,00:45,0,0,0,0,0
30/12/2012,01:00,0,0,0,0,0
30/12/2012,01:15,0,0,0,0,0
30/12/2012,01:30,1,1,0,0,0
30/12/2012,01:45,0,0,0,0,0
30/12/2012,02:00,0,0,0,0,0
30/12/2012,02:15,0,0,0,0,0
30/12/2012,02:30,0,0,0,0,0
30/12/2012,02:45,0,0,0,0,0
30/12/2012,03:00,0,0,0,0,0
30/12/2012,03:15,0,0,0,0,0
30/12/2012,03:30,0,0,0,0,0
30/12/2012,03:45,0,0,0,0,0
30/12/2012,04:00,0,0,0,0,0
30/12/2012,04:15,0,0,0,0,0
30/12/2012,04:30,0,0,0,0,0
30/12/2012,04:45,0,0,0,0,0
30/12/2012,05:00,0,0,0,0,0
30/12/2012,05:15,0,0,0,0,0
30/12/2012,05:30,0,0,0,0,0
30/12/2012,05:45,1,0,1,0,0
30/12/2012,06:00,0,0,0,0,0
30/12/2012,06:15,1,1,0,0,0
30/12/2012,06:30,0,0,0,0,0
30/12/2012,06:45,0,0,0,0,0
30/12/2012,07:00,6,2,4,0,0
30/12/2012,07:15,5,2,3,0,0
30/12/2012,07:30,4,3,1,0,0
30/12/2012,07:45,9,3,5,0,1
30/12/2012,08:00,11,4,7,0,0
30/12/2012,08:15,27,14,7,3,3
30/12/2012,08:30,26,6,19,0,1
30/12/2012,08:45,12,5,3,1,3
30/12/2012,09:00,11,5,4,1,1
30/12/2012,09:15,22,13,7,1,1
30/12/2012,09:30,16,10,4,2,0
30/12/2012,09:45,10,5,4,0,1
30/12/2012,10:00,18,3,11,2,2
30/12/2012,10:15,22,8,11,2,1
30/12/2012,10:30,24,14,6,4,0
30/12/2012,10:45,24,7,9,4,4
30/12/2012,11:00,16,5,9,2,0
30/12/2012,11:15,16,6,3,3,4
30/12/2012,11:30,19,10,3,5,1
30/12/2012,11:45,16,5,9,2,0
30/12/2012,12:00,19,9,9,0,1
30/12/2012,12:15,15,10,3,0,2
30/12/2012,12:30,7,5,2,0,0
30/12/2012,12:45,15,6,6,2,1
30/12/2012,13:00,16,6,7,2,1
30/12/2012,13:15,10,2,2,2,4
30/12/2012,13:30,8,6,1,1,0
30/12/2012,13:45,15,5,4,4,2
30/12/2012,14:00,8,3,3,0,2
30/12/2012,14:15,11,4,3,1,3
30/12/2012,14:30,13,6,5,0,2
30/12/2012,14:45,12,5,5,2,0
30/12/2012,15:00,12,1,3,6,2
30/12/2012,15:15,12,4,3,3,2
30/12/2012,15:30,14,2,4,3,5
30/12/2012,15:45,6,2,1,2,1
30/12/2012,16:00,17,6,4,3,4
30/12/2012,16:15,19,7,9,2,1
30/12/2012,16:30,17,7,5,2,3
30/12/2012,16:45,15,3,3,6,3
30/12/2012,17:00,10,5,1,0,4
30/12/2012,17:15,13,3,5,4,1
30/12/2012,17:30,1,1,0,0,0
30/12/2012,17:45,5,1,2,0,2
30/12/2012,18:00,2,1,1,0,0
30/12/2012,18:15,1,1,0,0,0
30/12/2012,18:30,1,0,0,0,1
30/12/2012,18:45,1,1,0,0,0
30/12/2012,19:00,1,0,1,0,0
30/12/2012,19:15,2,2,0,0,0
30/12/2012,19:30,0,0,0,0,0
30/12/2012,19:45,1,0,1,0,0
30/12/2012,20:00,0,0,0,0,0
30/12/2012,20:15,0,0,0,0,0
30/12/2012,20:30,0,0,0,0,0
30/12/2012,20:45,1,1,0,0,0
30/12/2012,21:00,0,0,0,0,0
30/12/2012,21:15,0,0,0,0,0
30/12/2012,21:30,0,0,0,0,0
30/12/2012,21:45,0,0,0,0,0
30/12/2012,22:00,0,0,0,0,0
30/12/2012,22:15,0,0,0,0,0
30/12/2012,22:30,1,1,0,0,0
30/12/2012,22:45,0,0,0,0,0
30/12/2012,23:00,0,0,0,0,0
30/12/2012,23:15,0,0,0,0,0
30/12/2012,23:30,0,0,0,0,0
30/12/2012,23:45,1,0,0,1,0
31/12/2012,00:00,0,0,0,0,0
31/12/2012,00:15,0,0,0,0,0
31/12/2012,00:30,0,0,0,0,0
31/12/2012,00:45,0,0,0,0,0
31/12/2012,01:00,0,0,0,0,0
31/12/2012,01:15,0,0,0,0,0
31/12/2012,01:30,0,0,0,0,0
31/12/2012,01:45,0,0,0,0,0
31/12/2012,02:00,0,0,0,0,0
31/12/2012,02:15,0,0,0,0,0
31/12/2012,02:30,0,0,0,0,0
31/12/2012,02:45,0,0,0,0,0
31/12/2012,03:00,0,0,0,0,0
31/12/2012,03:15,0,0,0,0,0
31/12/2012,03:30,0,0,0,0,0
31/12/2012,03:45,1,0,0,0,1
31/12/2012,04:00,0,0,0,0,0
31/12/2012,04:15,0,0,0,0,0
31/12/2012,04:30,0,0,0,0,0
31/12/2012,04:45,1,0,1,0,0
31/12/2012,05:00,2,1,1,0,0
31/12/2012,05:15,1,1,0,0,0
31/12/2012,05:30,0,0,0,0,0
31/12/2012,05:45,1,1,0,0,0
31/12/2012,06:00,3,0,0,2,1
31/12/2012,06:15,3,0,1,1,1
31/12/2012,06:30,8,3,1,3,1
31/12/2012,06:45,4,0,1,3,0
31/12/2012,07:00,10,4,3,1,2
31/12/2012,07:15,10,0,5,5,0
31/12/2012,07:30,10,3,4,2,1
31/12/2012,07:45,14,5,2,6,1
31/12/2012,08:00,7,3,0,3,1
31/12/2012,08:15,12,4,2,6,0
31/12/2012,08:30,15,3,3,8,1
31/12/2012,08:45,13,6,2,5,0
31/12/2012,09:00,18,2,7,5,4
31/12/2012,09:15,14,4,5,5,0
31/12/2012,09:30,10,4,4,1,1
31/12/2012,09:45,15,3,9,2,1
31/12/2012,10:00,22,8,10,2,2
31/12/2012,10:15,13,7,6,0,0
31/12/2012,10:30,17,4,9,4,0
31/12/2012,10:45,18,8,8,2,0
31/12/2012,11:00,16,8,3,2,3
31/12/2012,11:15,13,7,2,3,1
31/12/2012,11:30,21,8,7,2,4
31/12/2012,11:45,22,6,5,9,2
31/12/2012,12:00,18,4,9,2,3
31/12/2012,12:15,18,7,6,1,4
31/12/2012,12:30,24,4,9,6,5
31/12/2012,12:45,20,4,7,4,5
31/12/2012,13:00,20,9,3,3,5
31/12/2012,13:15,21,2,7,6,6
31/12/2012,13:30,26,7,7,10,2
31/12/2012,13:45,22,7,3,6,6
31/12/2012,14:00,19,3,6,6,4
31/12/2012,14:15,24,3,5,9,7
31/12/2012,14:30,20,4,5,6,5
31/12/2012,14:45,19,6,5,5,3
31/12/2012,15:00,35,10,6,7,12
31/12/2012,15:15,42,7,8,17,10
31/12/2012,15:30,20,5,5,3,7
31/12/2012,15:45,30,9,4,5,12
31/12/2012,16:00,30,9,7,6,8
31/12/2012,16:15,28,6,7,6,9
31/12/2012,16:30,26,5,4,5,12
31/12/2012,16:45,16,6,2,1,7
31/12/2012,17:00,18,3,2,1,12
31/12/2012,17:15,7,0,1,2,4
31/12/2012,17:30,6,0,1,0,5
31/12/2012,17:45,7,2,0,2,3
31/12/2012,18:00,7,1,2,0,4
31/12/2012,18:15,2,0,0,0,2
31/12/2012,18:30,3,0,0,1,2
31/12/2012,18:45,3,0,0,2,1
31/12/2012,19:00,3,0,1,2,0
31/12/2012,19:15,0,0,0,0,0
31/12/2012,19:30,2,1,1,0,0
31/12/2012,19:45,0,0,0,0,0
31/12/2012,20:00,0,0,0,0,0
31/12/2012,20:15,1,0,0,0,1
31/12/2012,20:30,0,0,0,0,0
31/12/2012,20:45,0,0,0,0,0
31/12/2012,21:00,1,0,0,0,1
31/12/2012,21:15,0,0,0,0,0
31/12/2012,21:30,0,0,0,0,0
31/12/2012,21:45,1,1,0,0,0
31/12/2012,22:00,0,0,0,0,0
31/12/2012,22:15,1,0,0,0,1
31/12/2012,22:30,0,0,0,0,0
31/12/2012,22:45,1,1,0,0,0
31/12/2012,23:00,0,0,0,0,0
31/12/2012,23:15,2,0,1,1,0
31/12/2012,23:30,0,0,0,0,0
31/12/2012,23:45,0,0,0,0,0
